url_length,hostname_length,path_length,query_length,num_dots,num_hyphens,num_underscores,num_slashes,num_questionmarks,num_equals,num_at,num_ampersand,num_percent,num_digits,domain_length,subdomain_length,tld_length,subdomain_count,path_depth,num_params,has_ip,has_port,is_https,entropy,suspicious_word_count,brand_in_subdomain,brand_in_path,suspicious_tld,is_shortened,special_char_ratio,label
42,33,1,0,2,0,0,3,0,0,0,0,0,0,11,17,3,1,0,0,0,0,1,4.050304851907325,0,0,0,0,0,0.14285714285714285,1
190,15,108,58,3,1,1,7,1,4,0,3,0,17,6,4,3,1,5,4,0,0,1,5.475259060350477,0,0,0,0,0,0.12631578947368421,1
22,6,8,0,1,0,0,3,0,0,0,0,0,2,3,0,2,0,1,0,0,0,1,3.936260027531526,0,0,0,0,0,0.22727272727272727,1
23,15,0,0,2,0,0,2,0,0,0,0,0,0,9,0,5,0,0,0,0,0,1,3.8820451081368628,0,0,0,0,0,0.21739130434782608,1
175,15,108,43,2,2,1,7,1,3,0,2,0,21,6,4,3,1,5,3,0,0,1,5.553809435658886,0,0,0,0,0,0.12,1
16,8,0,0,1,0,0,2,0,0,0,0,0,0,4,0,3,0,0,0,0,0,1,3.25,0,0,0,0,0,0.25,0
22,14,0,0,2,0,0,2,0,0,0,0,0,0,5,4,3,1,0,0,0,0,1,3.6978458230844122,0,0,0,0,0,0.22727272727272727,0
36,14,15,0,3,0,0,4,0,0,0,0,0,6,3,7,2,1,2,0,0,0,0,4.037844793048881,0,0,0,0,0,0.2222222222222222,1
39,8,8,14,2,0,0,3,1,1,0,1,0,6,1,3,2,1,1,2,0,0,1,4.333622334791382,0,0,0,0,0,0.2564102564102564,1
62,27,27,0,3,0,0,3,0,0,0,0,3,5,11,11,3,1,1,0,0,0,1,4.558303770967773,0,0,0,0,0,0.16129032258064516,1
20,12,0,0,1,0,0,2,0,0,0,0,0,0,8,0,3,0,0,0,0,0,1,3.7841837197791888,0,0,0,0,0,0.2,0
24,16,0,0,2,0,0,2,0,0,0,0,0,0,6,5,3,1,0,0,0,0,1,3.751629167387823,0,0,0,0,0,0.20833333333333334,0
32,23,1,0,2,0,0,3,0,0,0,0,0,0,6,12,3,1,0,0,0,0,1,4.155639062229566,0,0,0,0,0,0.1875,1
175,15,108,43,2,1,0,7,1,3,0,2,0,16,6,4,3,1,5,3,0,0,1,5.605126292752294,0,0,0,0,0,0.10857142857142857,1
15,7,0,0,1,0,0,2,0,0,0,0,0,0,3,0,3,0,0,0,0,0,1,3.3232314287976203,0,0,0,0,0,0.26666666666666666,0
24,16,0,0,2,0,0,2,0,0,0,0,0,0,6,5,3,1,0,0,0,0,1,3.7720552088742005,0,0,0,0,0,0.20833333333333334,0
23,15,0,0,2,0,0,2,0,0,0,0,0,0,7,3,3,1,0,0,0,0,1,3.6753108689123644,0,0,0,0,0,0.21739130434782608,0
167,15,108,35,2,2,0,7,1,3,0,2,0,18,6,4,3,1,5,3,0,0,1,5.61651892847814,0,0,0,0,0,0.10778443113772455,1
23,4,11,0,1,0,0,3,0,0,0,0,0,1,1,0,2,0,1,0,0,0,1,3.9361804341297555,0,0,0,0,0,0.21739130434782608,1
32,14,10,0,1,0,0,3,0,0,0,0,0,0,10,0,3,0,1,0,0,0,1,4.132048827786958,0,0,0,0,0,0.15625,1
21,13,0,0,1,0,0,2,0,0,0,0,0,0,9,0,3,0,0,0,0,0,1,3.689703732199547,0,0,0,0,0,0.19047619047619047,0
18,10,0,0,2,0,0,2,0,0,0,0,0,1,2,3,3,1,0,0,0,0,1,3.3921472236645345,0,0,0,0,0,0.2777777777777778,0
16,8,0,0,1,0,0,2,0,0,0,0,0,0,4,0,3,0,0,0,0,0,1,3.25,0,0,0,0,0,0.25,0
175,15,108,43,2,2,0,7,1,3,0,2,0,13,6,4,3,1,5,3,0,0,1,5.527249410605961,0,0,0,0,0,0.11428571428571428,1
24,16,0,0,2,0,0,2,0,0,0,0,0,0,8,3,3,1,0,0,0,0,1,3.7720552088742005,0,0,0,0,0,0.20833333333333334,0
40,31,1,0,2,2,0,3,0,0,0,0,0,0,11,15,3,1,0,0,0,0,1,4.037326145256007,0,0,0,0,0,0.2,1
21,6,7,0,1,1,0,3,0,0,0,0,0,0,3,0,2,0,1,0,0,0,1,3.939470994001286,0,0,0,0,0,0.2857142857142857,1
23,15,0,0,2,0,0,2,0,0,0,0,0,0,7,3,3,1,0,0,0,0,1,3.7622673906514943,0,0,0,0,0,0.21739130434782608,0
21,13,0,0,1,0,0,2,0,0,0,0,0,0,9,0,3,0,0,0,0,0,1,3.7849418274376423,0,0,0,0,0,0.19047619047619047,0
22,7,7,0,1,0,0,3,0,0,0,0,0,1,4,0,2,0,1,0,0,0,1,4.152391277629865,0,0,0,0,0,0.22727272727272727,1
25,17,0,0,2,0,0,2,0,0,0,0,0,0,9,3,3,1,0,0,0,0,1,3.5434651896016467,0,0,0,0,0,0.2,0
22,7,7,0,1,0,0,3,0,0,0,0,0,0,4,0,2,0,1,0,0,0,1,4.061482186720775,0,0,0,0,0,0.22727272727272727,1
51,21,22,0,3,0,0,4,0,0,0,0,0,1,5,11,3,2,2,0,0,0,1,4.539593233916256,0,0,0,0,0,0.1568627450980392,1
16,8,0,0,1,0,0,2,0,0,0,0,0,0,4,0,3,0,0,0,0,0,1,3.327819531114783,0,0,0,0,0,0.25,0
24,17,0,0,1,0,0,2,0,0,0,0,0,0,13,0,3,0,0,0,0,0,0,3.9387218755408675,0,0,0,0,0,0.16666666666666666,1
20,12,0,0,2,0,0,2,0,0,0,0,0,0,4,3,3,1,0,0,0,0,1,3.6841837197791887,0,0,0,0,0,0.25,0
47,16,23,0,2,0,0,5,0,0,0,0,0,0,6,5,3,1,3,0,0,0,1,3.954728226147622,0,0,0,0,0,0.1702127659574468,1
19,11,0,0,1,0,0,2,0,0,0,0,0,0,7,0,3,0,0,0,0,0,1,3.616348566075164,0,0,0,0,0,0.21052631578947367,0
18,10,0,0,1,0,0,2,0,0,0,0,0,0,6,0,3,0,0,0,0,0,1,3.8365916681089787,0,0,0,0,0,0.2222222222222222,0
175,15,108,43,2,2,1,7,1,3,0,2,0,21,6,4,3,1,5,3,0,0,1,5.595929290493648,0,0,0,0,0,0.12,1
26,17,1,0,2,0,0,3,0,0,0,0,0,0,6,6,3,1,0,0,0,0,1,3.9790978911348045,0,0,0,0,0,0.23076923076923078,1
23,15,0,0,1,0,0,2,0,0,0,0,0,0,11,0,3,0,0,0,0,0,1,3.7950885863977324,0,0,0,0,0,0.17391304347826086,0
16,8,0,0,1,0,0,2,0,0,0,0,0,0,4,0,3,0,0,0,0,0,1,3.577819531114783,0,0,0,0,0,0.25,0
22,14,0,0,2,0,0,2,0,0,0,0,0,0,6,3,3,1,0,0,0,0,1,3.879664004902593,0,0,0,0,0,0.22727272727272727,0
31,23,0,0,2,0,0,2,0,0,0,0,0,0,8,10,3,1,0,0,0,0,1,4.050970503935262,0,0,0,0,0,0.16129032258064516,0
20,12,0,0,2,0,0,2,0,0,0,0,0,0,4,3,3,1,0,0,0,0,1,3.5219280948873624,0,0,0,0,0,0.25,0
175,15,108,43,2,1,0,7,1,3,0,2,0,23,6,4,3,1,5,3,0,0,1,5.659005327078307,0,0,0,0,0,0.10857142857142857,1
330,11,10,301,8,0,0,3,1,2,0,1,34,74,7,0,3,0,1,2,0,0,0,5.239020235922181,0,0,0,0,0,0.1606060606060606,1
21,13,0,0,2,0,0,2,0,0,0,0,0,0,5,3,3,1,0,0,0,0,1,3.748994803525096,0,0,0,0,0,0.23809523809523808,0
36,27,1,0,2,1,0,3,0,0,0,0,0,0,11,11,3,1,0,0,0,0,1,4.141604167868593,0,0,0,0,0,0.19444444444444445,1
23,15,0,0,2,0,0,2,0,0,0,0,0,0,7,3,3,1,0,0,0,0,1,3.5013978254341036,0,0,0,0,0,0.21739130434782608,0
17,9,0,0,1,0,0,2,0,0,0,0,0,0,5,0,3,0,0,0,0,0,1,3.6168746059562227,0,0,0,0,0,0.23529411764705882,0
16,8,0,0,1,0,0,2,0,0,0,0,0,0,4,0,3,0,0,0,0,0,1,3.75,0,0,0,0,0,0.25,0
23,8,7,0,2,0,0,3,0,0,0,0,0,2,3,1,2,1,1,0,0,0,1,4.0559581516151235,0,0,0,0,0,0.2608695652173913,1
16,8,0,0,1,0,0,2,0,0,0,0,0,0,4,0,3,0,0,0,0,0,1,3.577819531114783,0,0,0,0,0,0.25,0
23,8,7,0,2,0,0,3,0,0,0,0,0,1,3,1,2,1,1,0,0,0,1,4.0559581516151235,0,0,0,0,0,0.2608695652173913,1
16,8,0,0,1,0,0,2,0,0,0,0,0,0,4,0,3,0,0,0,0,0,1,3.5,0,0,0,0,0,0.25,0
27,19,0,0,2,0,0,2,0,0,0,0,0,0,9,5,3,1,0,0,0,0,1,3.8380398168981555,1,0,0,0,0,0.18518518518518517,0
21,13,0,0,2,0,0,2,0,0,0,0,0,0,5,3,3,1,0,0,0,0,1,3.5585186130489057,0,0,0,0,0,0.23809523809523808,0
20,12,0,0,1,0,0,2,0,0,0,0,0,0,8,0,3,0,0,0,0,0,1,3.6841837197791887,0,0,0,0,0,0.2,0
55,11,22,0,1,0,0,5,0,0,0,0,0,16,6,0,4,0,3,0,0,0,1,4.713558696193738,0,0,0,0,0,0.14545454545454545,1
24,16,0,0,2,0,0,2,0,0,0,0,0,0,8,3,3,1,0,0,0,0,1,3.7720552088742005,0,0,0,0,0,0.20833333333333334,0
20,12,0,0,2,0,0,2,0,0,0,0,0,0,4,3,3,1,0,0,0,0,1,3.4464393446710146,0,0,0,0,0,0.25,0
42,33,1,0,2,0,0,3,0,0,0,0,0,19,3,25,3,1,0,0,0,0,1,4.379714446279218,0,0,0,0,0,0.14285714285714285,1
113,15,76,13,2,1,2,7,1,1,0,0,0,9,6,4,3,1,5,1,0,0,1,5.302851999342382,0,0,0,0,0,0.13274336283185842,1
50,12,30,0,4,1,0,6,0,0,0,0,0,9,12,0,0,0,4,0,1,0,1,4.218171939471838,1,0,0,0,0,0.24,1
48,16,24,0,2,0,0,5,0,0,0,0,0,7,6,5,3,1,3,0,0,0,1,4.316340563438217,0,0,0,0,0,0.16666666666666666,1
19,11,0,0,2,0,0,2,0,0,0,0,0,0,3,3,3,1,0,0,0,0,1,3.40582225028569,0,0,0,0,0,0.2631578947368421,0
37,28,1,0,2,0,0,3,0,0,0,0,0,0,11,12,3,1,0,0,0,0,1,4.2160780277326415,0,0,0,0,0,0.16216216216216217,1
23,15,0,0,2,0,0,2,0,0,0,0,0,0,5,5,3,1,0,0,0,0,1,3.8820451081368628,0,0,0,0,0,0.21739130434782608,0
62,43,11,0,3,1,0,3,0,0,0,0,0,22,2,36,3,1,1,0,0,0,1,4.71236214168218,0,0,0,0,0,0.12903225806451613,1
18,10,0,0,1,0,0,2,0,0,0,0,0,0,6,0,3,0,0,0,0,0,1,3.614369445886757,0,0,0,0,0,0.2222222222222222,0
30,15,7,0,1,1,0,3,0,0,0,0,0,0,11,0,3,0,1,0,0,0,1,3.8729055953200557,0,0,0,0,0,0.2,1
33,24,1,0,2,1,0,3,0,0,0,0,0,0,11,8,3,1,0,0,0,0,1,4.12728313431329,0,0,0,0,0,0.21212121212121213,1
35,26,1,0,2,0,0,3,0,0,0,0,0,0,8,13,3,1,0,0,0,0,1,4.014438730983426,0,0,0,0,0,0.17142857142857143,1
24,16,0,0,1,0,0,2,0,0,0,0,0,0,12,0,3,0,0,0,0,0,1,3.636842188131012,0,0,0,0,0,0.16666666666666666,0
16,8,0,0,1,0,0,2,0,0,0,0,0,0,4,0,3,0,0,0,0,0,1,3.327819531114783,0,0,0,0,0,0.25,0
17,9,0,0,1,0,0,2,0,0,0,0,0,0,5,0,3,0,0,0,0,0,1,3.6168746059562227,0,0,0,0,0,0.23529411764705882,0
44,35,1,0,2,2,0,3,0,0,0,0,0,6,6,24,3,1,0,0,0,0,1,4.2744551302868965,0,0,0,0,0,0.18181818181818182,1
21,13,0,0,2,0,0,2,0,0,0,0,0,0,5,3,3,1,0,0,0,0,1,3.6897037321995474,0,0,0,0,0,0.23809523809523808,0
19,11,0,0,2,0,0,2,0,0,0,0,0,0,3,3,3,1,0,0,0,0,1,3.4316235658474303,0,0,0,0,0,0.2631578947368421,0
25,17,0,0,2,0,0,2,0,0,0,0,0,0,8,4,3,1,0,0,0,0,1,3.973660689688185,0,0,0,0,0,0.2,0
19,11,0,0,1,0,0,2,0,0,0,0,0,0,7,0,3,0,0,0,0,0,1,3.787143960698138,0,0,0,0,0,0.21052631578947367,0
22,7,7,0,1,0,0,3,0,0,0,0,0,1,4,0,2,0,1,0,0,0,1,4.152391277629865,0,0,0,0,0,0.22727272727272727,1
51,21,22,0,3,0,0,4,0,0,0,0,0,2,5,11,3,2,2,0,0,0,1,4.561228587793908,0,0,0,0,0,0.1568627450980392,1
15,7,0,0,1,0,0,2,0,0,0,0,0,0,3,0,3,0,0,0,0,0,1,3.640223928941851,0,0,0,0,0,0.26666666666666666,0
29,20,1,0,1,0,0,3,0,0,0,0,0,0,16,0,3,0,0,0,0,0,1,3.7454064259382482,0,0,0,0,0,0.1724137931034483,1
19,11,0,0,1,0,0,2,0,0,0,0,0,0,7,0,3,0,0,0,0,0,1,3.8924071185928746,0,0,0,0,0,0.21052631578947367,0
37,28,1,0,2,1,0,3,0,0,0,0,0,4,5,17,4,1,0,0,0,0,1,4.077715447225512,0,0,0,0,0,0.1891891891891892,1
21,6,7,0,1,1,0,3,0,0,0,0,0,1,3,0,2,0,1,0,0,0,1,3.939470994001286,0,0,0,0,0,0.2857142857142857,1
23,8,7,0,2,0,0,3,0,0,0,0,0,0,3,1,2,1,1,0,0,0,1,4.0559581516151235,0,0,0,0,0,0.2608695652173913,1
23,15,0,0,2,0,0,2,0,0,0,0,0,0,7,3,3,1,0,0,0,0,1,3.7622673906514943,0,0,0,0,0,0.21739130434782608,0
25,6,11,0,1,0,0,3,0,0,0,0,0,1,3,0,2,0,1,0,0,0,1,3.6732696895151076,0,0,0,0,0,0.2,1
41,32,1,0,2,0,0,3,0,0,0,0,0,0,11,16,3,1,0,0,0,0,1,4.137086150537407,0,0,0,0,0,0.14634146341463414,1
40,21,11,0,2,2,0,4,0,0,0,0,0,0,5,12,2,1,1,0,0,0,1,3.9816870830264417,0,0,0,0,0,0.225,1
16,8,0,0,1,0,0,2,0,0,0,0,0,0,4,0,3,0,0,0,0,0,1,3.5,0,0,0,0,0,0.25,0
39,15,16,0,2,0,0,3,0,0,0,0,0,15,7,3,3,1,1,0,0,0,1,4.31682689807206,0,0,0,0,0,0.15384615384615385,1
23,15,0,0,2,0,0,2,0,0,0,0,0,0,7,3,3,1,0,0,0,0,1,3.6211755429194716,0,0,0,0,0,0.21739130434782608,0
26,18,0,0,2,0,0,2,0,0,0,0,0,0,10,3,3,1,0,0,0,0,1,3.796217602590056,0,0,0,0,0,0.19230769230769232,0
20,12,0,0,1,0,0,2,0,0,0,0,0,0,8,0,3,0,0,0,0,0,1,4.021928094887362,0,0,0,0,0,0.2,0
21,13,0,0,1,0,0,2,0,0,0,0,0,0,9,0,3,0,0,0,0,0,1,3.689703732199547,0,0,0,0,0,0.19047619047619047,0
23,8,7,0,2,0,0,3,0,0,0,0,0,1,3,1,2,1,1,0,0,0,1,4.0559581516151235,0,0,0,0,0,0.2608695652173913,1
20,12,0,0,1,0,0,2,0,0,0,0,0,0,8,0,3,0,0,0,0,0,1,3.884183719779189,0,0,0,0,0,0.2,0
28,19,1,0,2,0,0,3,0,0,0,0,0,0,3,11,3,1,0,0,0,0,1,3.869331261111519,0,0,0,0,0,0.21428571428571427,1
15,7,0,0,1,0,0,2,0,0,0,0,0,0,3,0,3,0,0,0,0,0,1,3.5068905956085183,0,0,0,0,0,0.26666666666666666,0
27,19,0,0,2,0,0,2,0,0,0,0,0,0,9,5,3,1,0,0,0,0,1,3.810081020521731,0,0,0,0,0,0.18518518518518517,0
22,14,0,0,2,0,0,2,0,0,0,0,0,0,6,3,3,1,0,0,0,0,1,3.7887549139935026,0,0,0,0,0,0.22727272727272727,0
108,15,48,36,3,1,0,6,1,2,0,1,0,14,7,3,3,1,4,2,0,0,1,5.29204086402104,0,0,0,0,0,0.1388888888888889,1
28,19,1,0,2,0,0,3,0,0,0,0,0,0,6,8,3,1,0,0,0,0,1,3.8962915290459277,0,0,0,0,0,0.21428571428571427,1
23,15,0,0,2,0,0,2,0,0,0,0,0,0,7,3,3,1,0,0,0,0,1,3.7622673906514947,0,0,0,0,0,0.21739130434782608,0
54,17,29,0,2,0,1,3,0,0,0,0,0,3,7,5,3,1,1,0,0,0,1,4.763965742824081,0,0,0,0,0,0.12962962962962962,1
18,10,0,0,1,0,0,2,0,0,0,0,0,0,6,0,3,0,0,0,0,0,1,3.7254805569978675,0,0,0,0,0,0.2222222222222222,0
21,13,0,0,2,0,0,2,0,0,0,0,0,0,5,3,3,1,0,0,0,0,1,3.594465636961452,0,0,0,0,0,0.23809523809523808,0
19,11,0,0,1,0,0,2,0,0,0,0,0,0,7,0,3,0,0,0,0,0,1,3.6818808028034016,0,0,0,0,0,0.21052631578947367,0
19,11,0,0,2,0,0,2,0,0,0,0,0,0,3,3,3,1,0,0,0,0,1,3.6818808028034016,0,0,0,0,0,0.2631578947368421,0
22,14,0,0,2,0,0,2,0,0,0,0,0,0,6,3,3,1,0,0,0,0,1,3.663532754804254,0,0,0,0,0,0.22727272727272727,0
18,10,0,0,1,0,0,2,0,0,0,0,0,0,6,0,3,0,0,0,0,0,1,3.155221528859512,0,0,0,0,0,0.2222222222222222,0
21,13,0,0,2,0,0,2,0,0,0,0,0,0,5,3,3,1,0,0,0,0,1,3.689703732199547,0,0,0,0,0,0.23809523809523808,0
21,6,7,0,1,1,0,3,0,0,0,0,0,2,3,0,2,0,1,0,0,0,1,3.8442328987631913,0,0,0,0,0,0.2857142857142857,1
76,25,1,41,2,1,0,3,1,2,0,1,0,23,16,4,3,1,0,2,0,0,1,4.867745237264889,0,0,0,0,0,0.14473684210526316,1
112,35,23,45,5,2,9,3,1,3,0,2,0,4,9,20,4,1,1,3,0,0,1,4.624836964484992,0,0,1,0,0,0.25,1
27,18,1,0,2,0,0,3,0,0,0,0,0,0,6,7,3,1,0,0,0,0,1,3.9302703722934544,0,0,0,0,0,0.2222222222222222,1
18,10,0,0,1,0,0,2,0,0,0,0,0,0,6,0,3,0,0,0,0,0,1,3.7254805569978675,0,0,0,0,0,0.2222222222222222,0
19,11,0,0,2,0,0,2,0,0,0,0,0,0,3,3,3,1,0,0,0,0,1,3.6818808028034016,0,0,0,0,0,0.2631578947368421,0
76,35,26,6,2,1,0,5,1,1,0,0,0,5,6,20,7,1,3,1,0,0,1,4.887610697848137,0,0,0,0,0,0.14473684210526316,1
57,20,29,0,3,1,0,6,0,0,0,0,0,0,8,8,2,1,4,0,0,0,1,4.0846664967657125,1,0,0,0,0,0.19298245614035087,1
40,31,1,0,2,1,0,3,0,0,0,0,0,1,11,15,3,1,0,0,0,0,1,4.225070520364182,0,0,0,0,0,0.175,1
19,11,0,0,1,0,0,2,0,0,0,0,0,0,7,0,3,0,0,0,0,0,1,3.6818808028034016,0,0,0,0,0,0.21052631578947367,0
175,15,108,43,2,4,0,7,1,3,0,2,0,13,6,4,3,1,5,3,0,0,1,5.534472790481283,0,0,0,0,0,0.12571428571428572,1
22,6,8,0,1,0,0,3,0,0,0,0,0,3,3,0,2,0,1,0,0,0,1,4.027169118440616,0,0,0,0,0,0.22727272727272727,1
26,18,0,0,2,0,0,2,0,0,0,0,0,0,6,7,3,1,0,0,0,0,1,3.661226256269789,1,0,0,0,0,0.19230769230769232,0
21,13,0,0,1,0,0,2,0,0,0,0,0,0,9,0,3,0,0,0,0,0,1,3.4039894464852614,0,0,0,0,0,0.19047619047619047,0
23,15,0,0,2,0,0,2,0,0,0,0,0,0,7,3,3,1,0,0,0,0,1,3.6424896731661263,0,0,0,0,0,0.21739130434782608,0
27,18,1,0,2,0,0,3,0,0,0,0,0,0,3,10,3,1,0,0,0,0,1,3.7639657428240816,0,0,0,0,0,0.2222222222222222,1
37,28,1,0,2,1,0,3,0,0,0,0,0,7,11,12,3,1,0,0,0,0,1,4.3374354600481295,0,0,0,0,0,0.1891891891891892,1
16,8,0,0,1,0,0,2,0,0,0,0,0,0,4,0,3,0,0,0,0,0,1,3.375,0,0,0,0,0,0.25,0
38,29,1,0,2,2,0,3,0,0,0,0,0,0,6,18,3,1,0,0,0,0,1,4.023471592049353,0,0,0,0,0,0.21052631578947367,1
29,21,0,0,2,0,0,2,0,0,0,0,0,0,13,3,3,1,0,0,0,0,1,4.1162646156680225,0,0,0,0,0,0.1724137931034483,0
22,14,0,0,2,0,0,2,0,0,0,0,0,0,6,3,3,1,0,0,0,0,1,3.7544418457133446,0,0,0,0,0,0.22727272727272727,0
60,23,30,0,4,0,0,6,0,0,0,0,0,1,6,4,11,1,4,0,0,0,0,4.21882038702278,0,0,0,0,0,0.18333333333333332,1
46,10,5,0,2,0,0,4,0,0,1,0,0,0,5,0,4,0,1,0,0,0,0,3.705111075801696,0,0,0,0,0,0.1956521739130435,1
40,33,0,0,2,1,0,2,0,0,0,0,0,8,13,15,3,1,0,0,0,0,0,4.262814895472355,0,0,0,0,0,0.15,1
69,16,45,0,2,2,0,5,0,0,0,0,2,2,6,5,3,1,3,0,0,0,1,4.573882204431347,0,0,0,0,0,0.17391304347826086,1
21,13,0,0,2,0,0,2,0,0,0,0,0,0,5,3,3,1,0,0,0,0,1,3.7849418274376423,0,0,0,0,0,0.23809523809523808,0
32,23,1,0,2,0,0,3,0,0,0,0,0,1,8,10,3,1,0,0,0,0,1,4.015319531114783,0,0,0,0,0,0.1875,1
29,20,1,0,2,1,0,3,0,0,0,0,0,0,3,12,3,1,0,0,0,0,1,3.9952378913808873,0,0,0,0,0,0.2413793103448276,1
34,26,0,0,2,0,0,2,0,0,0,0,0,0,11,10,3,1,0,0,0,0,1,4.043057694064253,0,0,0,0,0,0.14705882352941177,1
25,17,0,0,1,0,0,2,0,0,0,0,0,0,13,0,3,0,0,0,0,0,1,4.053660689688185,0,0,0,0,0,0.16,0
54,17,29,0,2,0,0,3,0,0,0,0,0,4,7,5,3,1,1,0,0,0,1,4.877404576510614,0,0,0,0,0,0.1111111111111111,1
35,26,1,0,2,0,0,3,0,0,0,0,0,0,11,10,3,1,0,0,0,0,1,4.114718016821339,0,0,0,0,0,0.17142857142857143,1
20,12,1,0,3,0,0,3,0,0,0,0,0,9,12,0,0,0,0,0,1,0,0,3.308694969562842,0,0,0,0,0,0.35,1
83,74,1,0,3,0,0,3,0,0,0,0,0,9,4,64,4,2,0,0,0,0,1,4.7545154137081544,0,0,0,0,0,0.08433734939759036,1
21,13,0,0,2,0,0,2,0,0,0,0,0,0,5,3,3,1,0,0,0,0,1,3.6537567082870006,0,0,0,0,0,0.23809523809523808,0
17,9,0,0,1,0,0,2,0,0,0,0,0,0,5,0,3,0,0,0,0,0,1,3.337175341123077,0,0,0,0,0,0.23529411764705882,0
25,17,0,0,2,0,0,2,0,0,0,0,0,0,5,7,3,1,0,0,0,0,1,3.6692750707107122,0,0,0,0,0,0.2,0
27,19,0,0,2,0,0,2,0,0,0,0,0,0,6,8,3,1,0,0,0,0,1,3.9400726873486547,0,0,0,0,0,0.18518518518518517,0
54,16,31,0,2,0,0,6,0,0,0,0,0,2,12,0,3,0,4,0,0,0,0,4.150643233958086,0,0,0,0,0,0.16666666666666666,1
67,58,1,0,2,0,0,3,0,0,0,0,0,0,6,47,3,1,0,0,0,0,1,4.169797028209102,0,0,0,0,0,0.08955223880597014,1
21,13,0,0,1,0,0,2,0,0,0,0,0,0,9,0,3,0,0,0,0,0,1,3.8801799226757367,0,0,0,0,0,0.19047619047619047,0
21,13,0,0,2,0,0,2,0,0,0,0,0,0,5,3,3,1,0,0,0,0,1,3.5585186130489057,0,0,0,0,0,0.23809523809523808,0
34,25,1,0,2,0,0,3,0,0,0,0,0,7,11,9,3,1,0,0,0,0,1,4.29277019393699,0,0,0,0,0,0.17647058823529413,1
34,25,1,0,2,0,0,3,0,0,0,0,0,0,8,12,3,1,0,0,0,0,1,4.094097032108653,0,0,0,0,0,0.17647058823529413,1
23,8,7,0,2,0,0,3,0,0,0,0,0,0,3,1,2,1,1,0,0,0,1,3.9690016298759936,0,0,0,0,0,0.2608695652173913,1
23,15,0,0,2,0,0,2,0,0,0,0,0,0,6,4,3,1,0,0,0,0,1,3.7950885863977324,0,0,0,0,0,0.21739130434782608,0
39,26,5,0,2,1,0,4,0,0,0,0,0,0,7,15,2,1,1,0,0,0,1,3.9772086288967645,1,0,0,0,0,0.20512820512820512,1
23,4,11,0,1,0,0,3,0,0,0,0,0,2,1,0,2,0,1,0,0,0,1,3.936180434129756,0,0,0,0,0,0.21739130434782608,1
34,26,1,0,3,0,0,3,0,0,0,0,0,0,6,12,6,1,0,0,0,0,0,3.8665871058289594,0,0,0,0,0,0.20588235294117646,1
62,43,11,0,3,1,0,3,0,0,0,0,0,15,2,36,3,1,1,0,0,0,1,4.614913045231109,0,0,0,0,0,0.12903225806451613,1
35,28,0,0,2,1,0,2,0,0,0,0,0,5,8,15,3,1,0,0,0,0,0,4.226150431961056,0,0,0,0,0,0.17142857142857143,1
25,17,0,0,1,0,0,2,0,0,0,0,0,0,13,0,3,0,0,0,0,0,1,4.023465189601646,0,0,0,0,0,0.16,0
18,10,0,0,1,0,0,2,0,0,0,0,0,0,6,0,3,0,0,0,0,0,1,3.7254805569978675,0,0,0,0,0,0.2222222222222222,0
21,13,0,0,1,0,0,2,0,0,0,0,0,0,9,0,3,0,0,0,0,0,1,3.5585186130489057,0,0,0,0,0,0.19047619047619047,0
22,14,0,0,2,0,0,2,0,0,0,0,0,0,6,3,3,1,0,0,0,0,1,3.7887549139935026,0,0,0,0,0,0.22727272727272727,0
45,36,1,0,2,2,0,3,0,0,0,0,0,6,6,25,3,1,0,0,0,0,1,4.374860596185444,0,0,0,0,0,0.17777777777777778,1
21,6,7,0,1,1,0,3,0,0,0,0,0,0,3,0,2,0,1,0,0,0,1,3.939470994001286,0,0,0,0,0,0.2857142857142857,1
19,11,0,0,2,0,0,2,0,0,0,0,0,0,3,3,3,1,0,0,0,0,1,3.5766176449086653,0,0,0,0,0,0.2631578947368421,0
23,15,0,0,2,0,0,2,0,0,0,0,0,0,7,3,3,1,0,0,0,0,1,3.7622673906514947,0,0,0,0,0,0.21739130434782608,0
27,18,1,0,2,0,0,3,0,0,0,0,0,1,7,6,3,1,0,0,0,0,1,4.032303242743953,0,0,0,0,0,0.2222222222222222,1
28,20,0,0,2,0,0,2,0,0,0,0,0,0,5,10,3,1,0,0,0,0,1,3.807354922057604,0,0,0,0,0,0.17857142857142858,0
84,15,61,0,2,0,1,6,0,0,0,0,0,8,6,4,3,1,4,0,0,0,1,5.152567833642837,0,0,0,0,0,0.11904761904761904,1
41,10,23,0,1,2,0,6,0,0,0,0,0,3,6,0,3,0,3,0,0,0,1,4.082804138606123,0,0,0,0,0,0.24390243902439024,1
23,8,7,0,2,0,0,3,0,0,0,0,0,1,3,1,2,1,1,0,0,0,1,4.0559581516151235,0,0,0,0,0,0.2608695652173913,1
21,6,7,0,1,1,0,3,0,0,0,0,0,1,3,0,2,0,1,0,0,0,1,3.8442328987631913,0,0,0,0,0,0.2857142857142857,1
23,8,7,0,2,0,0,3,0,0,0,0,0,0,3,1,2,1,1,0,0,0,1,4.0559581516151235,0,0,0,0,0,0.2608695652173913,1
27,12,7,0,1,0,0,3,0,0,0,0,0,1,7,0,4,0,1,0,0,0,1,3.9861879650463043,0,0,0,0,0,0.18518518518518517,1
32,23,1,0,2,0,0,3,0,0,0,0,0,0,16,3,2,1,0,0,0,0,1,3.8584585933443494,0,0,0,0,0,0.1875,1
16,8,0,0,1,0,0,2,0,0,0,0,0,0,4,0,3,0,0,0,0,0,1,3.452819531114783,0,0,0,0,0,0.25,0
21,6,7,0,1,1,0,3,0,0,0,0,0,0,3,0,2,0,1,0,0,0,1,3.939470994001286,0,0,0,0,0,0.2857142857142857,1
21,6,7,0,1,1,0,3,0,0,0,0,0,0,3,0,2,0,1,0,0,0,1,3.8442328987631913,0,0,0,0,0,0.2857142857142857,1
20,12,0,0,2,0,0,2,0,0,0,0,0,0,4,3,3,1,0,0,0,0,1,3.446439344671015,0,0,0,0,0,0.25,0
60,28,24,0,3,1,0,3,0,0,0,0,0,6,7,16,3,2,1,0,0,0,1,5.12323142879762,0,0,0,0,0,0.13333333333333333,1
23,8,7,0,2,0,0,3,0,0,0,0,0,1,3,1,2,1,1,0,0,0,1,3.9361804341297555,0,0,0,0,0,0.2608695652173913,1
38,29,1,0,2,1,0,3,0,0,0,0,0,0,4,20,3,1,0,0,0,0,1,4.155565013329718,1,0,0,0,0,0.18421052631578946,1
21,13,0,0,2,0,0,2,0,0,0,0,0,0,5,3,3,1,0,0,0,0,1,3.463280517810811,0,0,0,0,0,0.23809523809523808,0
20,12,0,0,2,0,0,2,0,0,0,0,0,0,4,3,3,1,0,0,0,0,1,3.7841837197791888,0,0,0,0,0,0.25,0
20,12,0,0,2,0,0,2,0,0,0,0,0,0,4,3,3,1,0,0,0,0,1,3.5219280948873624,0,0,0,0,0,0.25,0
46,23,15,0,2,1,0,4,0,0,0,0,0,0,19,0,3,0,2,0,0,0,1,4.015212434638444,0,0,0,0,0,0.17391304347826086,1
29,17,4,0,2,1,0,3,0,0,0,0,0,0,5,8,2,1,1,0,0,0,1,4.185230132909402,0,0,0,0,0,0.2413793103448276,1
63,43,13,0,3,1,0,3,0,0,0,0,0,15,2,36,3,1,1,0,0,0,0,4.522538010932543,0,0,0,0,0,0.12698412698412698,1
28,19,1,0,2,0,0,3,0,0,0,0,0,0,3,11,3,1,0,0,0,0,1,3.708966082694623,0,0,0,0,0,0.21428571428571427,1
43,22,13,0,2,2,0,4,0,0,0,0,0,0,5,13,2,1,1,0,0,0,1,4.00488299938201,0,0,0,0,0,0.20930232558139536,1
18,10,0,0,1,0,0,2,0,0,0,0,0,0,6,0,3,0,0,0,0,0,1,3.4613201402110083,0,0,0,0,0,0.2222222222222222,0
100,23,55,13,2,4,0,6,1,1,0,0,0,27,6,12,3,1,4,1,0,0,1,5.024143595682679,0,0,0,0,0,0.15,1
19,11,0,0,2,0,0,2,0,0,0,0,0,0,3,3,3,1,0,0,0,0,1,3.471354487013929,0,0,0,0,0,0.2631578947368421,0
24,16,0,0,2,0,0,2,0,0,0,0,0,0,6,5,3,1,0,0,0,0,1,3.886842188131012,0,0,0,0,0,0.20833333333333334,0
15,7,0,0,1,0,0,2,0,0,0,0,0,0,3,0,3,0,0,0,0,0,1,3.506890595608518,0,0,0,0,0,0.26666666666666666,0
175,15,108,43,2,2,1,7,1,3,0,2,0,20,6,4,3,1,5,3,0,0,1,5.639488770166683,0,0,0,0,0,0.12,1
25,11,6,0,2,0,0,3,0,0,0,0,0,0,7,0,3,0,1,0,0,0,1,3.973660689688185,0,0,0,0,0,0.24,1
25,17,0,0,2,0,0,2,0,0,0,0,0,0,9,3,3,1,0,0,0,0,1,3.703465189601647,0,0,0,0,0,0.2,0
22,7,7,0,1,0,0,3,0,0,0,0,0,1,4,0,2,0,1,0,0,0,1,3.970573095811684,0,0,0,0,0,0.22727272727272727,1
23,15,0,0,2,0,0,2,0,0,0,0,0,0,7,3,3,1,0,0,0,0,1,3.849223912390625,0,0,0,0,0,0.21739130434782608,0
22,14,0,0,2,0,0,2,0,0,0,0,0,0,6,3,3,1,0,0,0,0,1,3.5726236638951634,0,0,0,0,0,0.22727272727272727,0
19,11,0,0,1,0,0,2,0,0,0,0,0,0,7,0,3,0,0,0,0,0,1,3.6818808028034016,0,0,0,0,0,0.21052631578947367,0
36,27,1,0,2,0,0,3,0,0,0,0,0,0,6,16,3,1,0,0,0,0,1,4.0724312513221195,0,0,0,0,0,0.16666666666666666,1
20,12,0,0,1,0,0,2,0,0,0,0,0,0,8,0,3,0,0,0,0,0,1,3.7841837197791888,0,0,0,0,0,0.2,0
25,17,0,0,2,0,0,2,0,0,0,0,0,0,9,3,3,1,0,0,0,0,1,3.7532696895151076,0,0,0,0,0,0.2,0
62,43,11,0,3,1,0,3,0,0,0,0,0,19,2,36,3,1,1,0,0,0,1,4.685983560659604,0,0,0,0,0,0.12903225806451613,1
21,13,0,0,2,0,0,2,0,0,0,0,0,0,5,3,3,1,0,0,0,0,1,3.5351745656359026,0,0,0,0,0,0.23809523809523808,0
33,15,10,0,2,1,0,3,0,0,0,0,0,0,11,0,3,0,1,0,0,0,1,4.187889194919351,0,0,0,0,0,0.21212121212121213,1
20,12,0,0,2,0,0,2,0,0,0,0,0,0,4,3,3,1,0,0,0,0,1,3.6841837197791887,0,0,0,0,0,0.25,0
41,32,1,0,2,2,0,3,0,0,0,0,0,0,11,16,3,1,0,0,0,0,1,4.1923218214274165,0,0,0,0,0,0.1951219512195122,1
28,7,13,0,1,0,0,4,0,0,0,0,0,0,4,0,2,0,2,0,0,0,1,4.09306920777189,0,0,0,0,0,0.21428571428571427,1
32,14,10,0,2,1,0,3,0,0,0,0,0,0,11,0,2,0,1,0,0,0,1,3.757048827786958,0,0,0,0,0,0.21875,1
32,23,1,0,2,1,0,3,0,0,0,0,0,1,3,15,3,1,0,0,0,0,1,4.0511085007312415,0,0,0,0,0,0.21875,1
19,11,0,0,2,0,0,2,0,0,0,0,0,0,3,3,3,1,0,0,0,0,1,3.4316235658474303,0,0,0,0,0,0.2631578947368421,0
84,15,61,0,2,2,4,6,0,0,0,0,0,6,6,4,3,1,4,0,0,0,1,5.113935542001925,0,0,0,0,0,0.17857142857142858,1
84,15,61,0,2,0,1,6,0,0,0,0,0,5,6,4,3,1,4,0,0,0,1,5.185364113430497,0,0,0,0,0,0.11904761904761904,1
20,6,6,0,1,0,0,3,0,0,0,0,0,1,2,0,3,0,1,0,0,0,1,3.7841837197791888,0,0,0,0,0,0.25,1
26,18,0,0,2,0,0,2,0,0,0,0,0,0,10,3,3,1,0,0,0,0,1,3.8731406795131327,0,0,0,0,0,0.19230769230769232,0
22,7,7,0,1,0,0,3,0,0,0,0,0,0,4,0,2,0,1,0,0,0,1,4.152391277629865,0,0,0,0,0,0.22727272727272727,1
16,8,0,0,1,0,0,2,0,0,0,0,0,0,4,0,3,0,0,0,0,0,1,3.25,0,0,0,0,0,0.25,0
41,32,1,0,2,2,0,3,0,0,0,0,0,4,12,15,3,1,0,0,0,0,1,4.229145602020757,0,0,0,0,0,0.1951219512195122,1
17,9,0,0,1,0,0,2,0,0,0,0,0,0,5,0,3,0,0,0,0,0,1,3.734521664779752,0,0,0,0,0,0.23529411764705882,0
260,9,138,105,5,5,0,17,1,1,0,0,0,19,3,0,5,0,15,1,0,0,0,5.399144975859444,0,0,0,0,0,0.11538461538461539,1
23,15,0,0,2,0,0,2,0,0,0,0,0,0,7,3,3,1,0,0,0,0,1,3.7950885863977324,0,0,0,0,0,0.21739130434782608,0
84,15,61,0,2,1,0,6,0,0,0,0,0,8,6,4,3,1,4,0,0,0,1,5.0709636315919635,0,0,0,0,0,0.11904761904761904,1
20,5,7,0,1,0,0,3,0,0,0,0,0,0,2,0,2,0,1,0,0,0,1,3.546439344671015,0,0,0,0,0,0.25,1
14,6,0,0,1,0,0,2,0,0,0,0,0,1,2,0,3,0,0,0,0,0,1,3.521640636343319,0,0,0,0,0,0.2857142857142857,0
27,19,0,0,2,0,0,2,0,0,0,0,0,0,11,3,3,1,0,0,0,0,1,3.884155094595805,0,0,0,0,0,0.18518518518518517,0
42,7,2,24,3,0,0,6,1,1,0,0,0,0,2,1,2,1,1,1,0,0,1,4.207211767759301,0,0,0,0,0,0.30952380952380953,1
22,14,0,0,2,0,0,2,0,0,0,0,0,0,6,3,3,1,0,0,0,0,1,3.7887549139935026,0,0,0,0,0,0.22727272727272727,0
30,21,1,0,2,0,0,3,0,0,0,0,0,0,6,10,3,1,0,0,0,0,1,3.9898980954642878,0,0,0,0,0,0.2,1
19,11,0,0,1,0,0,2,0,0,0,0,0,0,7,0,3,0,0,0,0,0,1,3.616348566075164,0,0,0,0,0,0.21052631578947367,0
22,14,0,0,2,0,0,2,0,0,0,0,0,0,6,3,3,1,0,0,0,0,1,3.663532754804254,0,0,0,0,0,0.22727272727272727,0
15,7,0,0,1,0,0,2,0,0,0,0,0,0,3,0,3,0,0,0,0,0,1,3.640223928941851,0,0,0,0,0,0.26666666666666666,0
55,16,20,10,2,0,0,5,1,1,0,0,0,1,6,5,3,1,3,1,0,0,1,4.255026315305128,0,0,0,0,0,0.18181818181818182,1
16,8,0,0,1,0,0,2,0,0,0,0,0,0,4,0,3,0,0,0,0,0,1,3.625,0,0,0,0,0,0.25,0
21,13,0,0,2,0,0,2,0,0,0,0,0,0,5,3,3,1,0,0,0,0,1,3.7849418274376423,0,0,0,0,0,0.23809523809523808,0
52,16,28,0,2,1,0,5,0,0,0,0,0,0,6,5,3,1,3,0,0,0,1,4.037354989723521,0,0,0,0,0,0.17307692307692307,1
22,14,0,0,2,0,0,2,0,0,0,0,0,0,5,4,3,1,0,0,0,0,1,3.5503407095463877,0,0,0,0,0,0.22727272727272727,0
51,21,22,0,3,0,0,4,0,0,0,0,0,3,5,11,3,2,2,0,0,0,1,4.60322289073658,0,0,0,0,0,0.1568627450980392,1
24,16,0,0,2,0,0,2,0,0,0,0,0,0,8,3,3,1,0,0,0,0,1,4.053508854797679,0,0,0,0,0,0.20833333333333334,0
33,24,1,0,2,1,0,3,0,0,0,0,0,1,11,8,3,1,0,0,0,0,1,4.104407755459852,0,0,0,0,0,0.21212121212121213,1
19,11,0,0,1,0,0,2,0,0,0,0,0,0,7,0,3,0,0,0,0,0,1,3.6818808028034016,0,0,0,0,0,0.21052631578947367,0
21,13,0,0,2,0,0,2,0,0,0,0,0,0,5,3,3,1,0,0,0,0,1,3.6897037321995474,0,0,0,0,0,0.23809523809523808,0
18,10,0,0,1,0,0,2,0,0,0,0,0,0,6,0,3,0,0,0,0,0,1,3.6835423624332306,0,0,0,0,0,0.2222222222222222,0
51,21,22,0,3,0,0,4,0,0,0,0,0,1,5,11,3,2,2,0,0,0,1,4.578808920190766,0,0,0,0,0,0.1568627450980392,1
40,31,1,0,2,0,0,3,0,0,0,0,0,0,12,14,3,1,0,0,0,0,1,4.005152233310934,0,0,0,0,0,0.15,1
28,7,13,0,1,0,0,3,0,0,0,0,0,4,4,0,2,0,1,0,0,0,1,4.182005814760213,0,0,0,0,0,0.17857142857142858,1
15,7,0,0,1,0,0,2,0,0,0,0,0,0,3,0,3,0,0,0,0,0,1,3.640223928941851,0,0,0,0,0,0.26666666666666666,0
16,8,0,0,1,0,0,2,0,0,0,0,0,0,4,0,3,0,0,0,0,0,1,3.375,0,0,0,0,0,0.25,0
152,17,67,59,2,5,0,5,1,2,0,1,6,30,5,7,3,1,2,2,0,0,1,5.131335736613691,0,0,0,0,0,0.15789473684210525,1
18,10,0,0,1,0,0,2,0,0,0,0,0,0,6,0,3,0,0,0,0,0,1,3.7254805569978675,0,0,0,0,0,0.2222222222222222,0
20,12,0,0,1,0,0,2,0,0,0,0,0,0,8,0,3,0,0,0,0,0,1,3.721928094887362,0,0,0,0,0,0.2,0
40,13,20,0,2,0,0,5,0,0,0,0,0,0,9,0,3,0,3,0,0,0,0,3.8970851333950867,0,0,0,0,0,0.2,1
20,12,0,0,1,0,0,2,0,0,0,0,0,0,8,0,3,0,0,0,0,0,1,3.921928094887362,0,0,0,0,0,0.2,0
29,21,0,0,2,0,0,2,0,0,0,0,0,0,13,3,3,1,0,0,0,0,1,3.9783335811852645,0,0,0,0,0,0.1724137931034483,0
51,42,1,0,2,0,0,3,0,0,0,0,0,0,6,31,3,1,0,0,0,0,1,4.208287411323318,1,0,0,0,0,0.11764705882352941,1
19,11,0,0,1,0,0,2,0,0,0,0,0,0,7,0,3,0,0,0,0,0,1,3.787143960698138,0,0,0,0,0,0.21052631578947367,0
26,18,0,0,2,0,0,2,0,0,0,0,0,0,9,4,3,1,0,0,0,0,1,3.8441065448145375,0,0,0,0,0,0.19230769230769232,0
18,10,0,0,1,0,0,2,0,0,0,0,0,0,6,0,3,0,0,0,0,0,1,3.8365916681089787,0,0,0,0,0,0.2222222222222222,0
49,10,31,0,2,0,0,6,0,0,0,0,0,2,6,0,3,0,4,0,0,0,1,4.167896517797226,0,0,0,0,0,0.1836734693877551,1
25,17,0,0,2,0,0,2,0,0,0,0,0,0,8,4,3,1,0,0,0,0,1,3.8136606896881853,0,0,0,0,0,0.2,0
17,9,0,0,1,0,0,2,0,0,0,0,0,0,5,0,3,0,0,0,0,0,1,3.4992275471326932,0,0,0,0,0,0.23529411764705882,0
22,6,8,0,1,0,0,3,0,0,0,0,0,2,3,0,2,0,1,0,0,0,1,3.8796640049025926,0,0,0,0,0,0.22727272727272727,1
24,15,1,0,2,0,0,3,0,0,0,0,0,4,3,7,3,1,0,0,0,0,1,3.9387218755408675,0,0,0,0,0,0.25,1
14,6,0,0,1,0,0,2,0,0,0,0,0,0,2,0,3,0,0,0,0,0,1,3.2359263506290334,0,0,0,0,0,0.2857142857142857,0
45,16,21,0,2,0,0,5,0,0,0,0,0,0,6,5,3,1,3,0,0,0,1,4.127762474435138,0,0,0,0,0,0.17777777777777778,1
29,21,0,0,2,0,0,2,0,0,0,0,0,0,8,8,3,1,0,0,0,0,1,4.090234012145144,0,0,0,0,0,0.1724137931034483,0
25,17,0,0,2,0,0,2,0,0,0,0,0,0,9,3,3,1,0,0,0,0,1,3.7834651896016465,0,0,0,0,0,0.2,0
51,21,22,0,3,0,0,4,0,0,0,0,0,2,5,11,3,2,2,0,0,0,1,4.500377547641746,0,0,0,0,0,0.1568627450980392,1
15,7,0,0,1,0,0,2,0,0,0,0,0,0,3,0,3,0,0,0,0,0,1,3.640223928941851,0,0,0,0,0,0.26666666666666666,0
22,7,7,0,1,0,0,3,0,0,0,0,0,0,4,0,2,0,1,0,0,0,1,4.152391277629865,0,0,0,0,0,0.22727272727272727,1
24,16,0,0,2,0,0,2,0,0,0,0,0,0,8,3,3,1,0,0,0,0,1,3.772055208874201,0,0,0,0,0,0.20833333333333334,0
22,14,0,0,2,0,0,2,0,0,0,0,0,0,6,3,3,1,0,0,0,0,1,3.7887549139935026,0,0,0,0,0,0.22727272727272727,0
64,29,27,0,2,1,0,6,0,0,0,0,0,0,15,9,3,1,3,0,0,0,1,4.590924852072124,0,0,0,0,0,0.15625,1
173,15,108,41,2,1,2,7,1,3,0,2,0,19,6,4,3,1,5,3,0,0,1,5.5596856363930645,0,0,0,0,0,0.12138728323699421,1
59,16,35,0,2,1,0,5,0,0,0,0,0,0,6,5,3,1,3,0,0,0,1,4.2030907793652155,0,0,0,0,0,0.15254237288135594,1
20,12,0,0,2,0,0,2,0,0,0,0,0,0,4,3,3,1,0,0,0,0,1,3.2841837197791888,0,0,0,0,0,0.25,0
48,11,4,0,3,0,0,4,0,0,1,0,0,0,7,0,3,0,1,0,0,0,1,4.1811275426950285,0,0,0,0,0,0.20833333333333334,1
38,29,1,0,2,0,0,3,0,0,0,0,0,0,6,18,3,1,0,0,0,0,1,4.253863368422076,1,0,0,0,0,0.15789473684210525,1
51,21,22,0,3,0,0,4,0,0,0,0,0,3,5,11,3,2,2,0,0,0,1,4.431558429909845,0,0,0,0,0,0.1568627450980392,1
24,16,0,0,2,0,0,2,0,0,0,0,0,0,8,3,3,1,0,0,0,0,1,3.772055208874201,0,0,0,0,0,0.20833333333333334,0
79,14,57,0,1,0,0,7,0,0,0,0,0,0,10,0,3,0,5,0,0,0,1,4.598473952794304,0,0,0,0,0,0.11392405063291139,1
29,20,1,0,2,1,0,3,0,0,0,0,0,0,8,7,3,1,0,0,0,0,1,4.021268494903765,0,0,0,0,0,0.2413793103448276,1
24,16,0,0,2,0,0,2,0,0,0,0,0,0,8,3,3,1,0,0,0,0,1,3.4387218755408675,0,0,0,0,0,0.20833333333333334,0
130,15,64,42,2,1,0,6,1,3,0,2,0,8,6,4,3,1,4,3,0,0,1,5.19700384453372,0,0,0,0,0,0.13846153846153847,1
17,9,0,0,1,0,0,2,0,0,0,0,0,0,5,0,3,0,0,0,0,0,1,3.734521664779752,0,0,0,0,0,0.23529411764705882,0
84,15,61,0,2,0,0,6,0,0,0,0,0,3,6,4,3,1,4,0,0,0,1,4.915968988631798,0,0,0,0,0,0.10714285714285714,1
22,7,7,0,1,0,0,3,0,0,0,0,0,0,4,0,2,0,1,0,0,0,1,4.061482186720775,0,0,0,0,0,0.22727272727272727,1
208,20,180,0,2,0,9,6,0,0,0,0,0,35,12,3,3,1,4,0,0,0,1,5.726784856204802,0,0,0,0,0,0.08653846153846154,1
20,12,0,0,2,0,0,2,0,0,0,0,0,0,4,3,3,1,0,0,0,0,1,3.5464393446710156,0,0,0,0,0,0.25,0
20,5,7,0,1,0,0,3,0,0,0,0,0,1,2,0,2,0,1,0,0,0,1,3.884183719779189,0,0,0,0,0,0.25,1
31,11,12,0,1,0,0,3,0,0,0,0,0,1,7,0,3,0,1,0,0,0,1,3.990509117453738,0,0,0,0,0,0.16129032258064516,1
18,10,0,0,1,0,0,2,0,0,0,0,0,0,6,0,3,0,0,0,0,0,1,3.4613201402110083,0,0,0,0,0,0.2222222222222222,0
26,17,1,0,2,0,0,3,0,0,0,0,0,0,6,6,3,1,0,0,0,0,1,3.7962176025900556,0,0,0,0,0,0.23076923076923078,1
22,14,0,0,2,0,0,2,0,0,0,0,0,0,6,3,3,1,0,0,0,0,1,3.6978458230844122,0,0,0,0,0,0.22727272727272727,0
26,17,1,0,2,0,0,3,0,0,0,0,0,0,6,6,3,1,0,0,0,0,1,4.056020968057881,0,0,0,0,0,0.23076923076923078,1
83,24,26,24,2,0,0,7,1,1,0,0,0,19,14,5,3,1,5,1,0,0,1,4.859491841686433,1,0,0,0,0,0.14457831325301204,1
167,15,108,35,2,7,0,7,1,3,0,2,0,17,6,4,3,1,5,3,0,0,1,5.470330622419053,0,0,0,0,0,0.1377245508982036,1
23,15,0,0,2,0,0,2,0,0,0,0,0,0,7,3,3,1,0,0,0,0,1,3.4970558484728045,0,0,0,0,0,0.21739130434782608,0
20,12,0,0,2,0,0,2,0,0,0,0,0,0,4,3,3,1,0,0,0,0,1,3.546439344671015,0,0,0,0,0,0.25,0
130,15,70,36,3,3,0,6,1,2,0,1,0,17,7,3,3,1,4,2,0,0,1,5.458342332009594,0,0,0,0,0,0.13076923076923078,1
16,8,0,0,1,0,0,2,0,0,0,0,0,0,4,0,3,0,0,0,0,0,1,3.75,0,0,0,0,0,0.25,0
26,18,0,0,2,0,0,2,0,0,0,0,0,0,10,3,3,1,0,0,0,0,1,3.8731406795131327,0,0,0,0,0,0.19230769230769232,0
25,9,8,0,1,0,0,3,0,0,0,0,0,0,6,0,2,0,1,0,0,0,1,3.6390795706241743,0,0,0,0,0,0.2,1
39,30,1,0,2,0,0,3,0,0,0,0,0,0,11,14,3,1,0,0,0,0,1,4.246188756990946,0,0,0,0,0,0.15384615384615385,1
21,13,0,0,2,0,0,2,0,0,0,0,0,0,5,3,3,1,0,0,0,0,1,3.784941827437642,0,0,0,0,0,0.23809523809523808,0
29,20,1,0,2,0,0,3,0,0,0,0,0,0,6,9,3,1,0,0,0,0,1,4.090234012145144,0,0,0,0,0,0.20689655172413793,1
22,6,8,0,1,0,0,3,0,0,0,0,0,1,3,0,2,0,1,0,0,0,1,3.8453509366224354,0,0,0,0,0,0.22727272727272727,1
29,20,1,0,2,0,0,3,0,0,0,0,0,0,6,9,3,1,0,0,0,0,1,3.8404025467025056,0,0,0,0,0,0.20689655172413793,1
37,28,1,0,2,3,0,3,0,0,0,0,0,6,3,20,3,1,0,0,0,0,1,4.5199999871336285,0,0,0,0,0,0.24324324324324326,1
22,6,8,0,1,0,0,3,0,0,0,0,0,2,3,0,2,0,1,0,0,0,1,4.027169118440616,0,0,0,0,0,0.22727272727272727,1
19,11,0,0,1,0,0,2,0,0,0,0,0,0,7,0,3,0,0,0,0,0,1,3.8268748818646365,0,0,0,0,0,0.21052631578947367,0
23,8,7,0,2,0,0,3,0,0,0,0,0,1,3,1,2,1,1,0,0,0,1,4.0559581516151235,0,0,0,0,0,0.2608695652173913,1
46,15,23,0,2,0,0,3,0,0,0,0,0,0,7,3,3,1,1,0,0,0,1,4.311074184082723,0,0,0,0,0,0.13043478260869565,1
34,16,10,0,2,0,0,4,0,0,0,0,0,0,6,6,2,1,1,0,0,0,1,3.6427741506984646,0,0,0,0,0,0.20588235294117646,1
31,22,1,0,2,0,0,3,0,0,0,0,0,5,6,11,3,1,0,0,0,0,1,4.324848729602135,0,0,0,0,0,0.1935483870967742,1
62,43,11,0,3,1,0,3,0,0,0,0,0,19,2,36,3,1,1,0,0,0,1,4.625105536291582,0,0,0,0,0,0.12903225806451613,1
17,9,0,0,1,0,0,2,0,0,0,0,0,0,5,0,3,0,0,0,0,0,1,3.337175341123077,0,0,0,0,0,0.23529411764705882,0
18,10,0,0,1,0,0,2,0,0,0,0,0,0,6,0,3,0,0,0,0,0,1,3.7254805569978675,0,0,0,0,0,0.2222222222222222,0
18,10,0,0,1,0,0,2,0,0,0,0,0,0,6,0,3,0,0,0,0,0,1,3.419381945646371,0,0,0,0,0,0.2222222222222222,0
103,28,12,54,3,1,0,4,1,3,0,2,0,27,11,12,3,2,2,3,0,0,1,4.950325649693138,1,0,0,0,0,0.14563106796116504,1
175,15,108,43,2,2,3,7,1,3,0,2,0,15,6,4,3,1,5,3,0,0,1,5.642198556250511,0,0,0,0,0,0.13142857142857142,1
23,15,0,0,2,0,0,2,0,0,0,0,0,0,7,3,3,1,0,0,0,0,1,3.7950885863977324,0,0,0,0,0,0.21739130434782608,0
83,74,1,0,3,0,0,3,0,0,0,0,0,15,4,64,4,2,0,0,0,0,1,4.847712250979354,0,0,0,0,0,0.08433734939759036,1
22,6,8,0,1,0,0,3,0,0,0,0,0,3,3,0,2,0,1,0,0,0,1,3.8453509366224354,0,0,0,0,0,0.22727272727272727,1
20,5,7,0,1,0,0,3,0,0,0,0,0,1,2,0,2,0,1,0,0,0,1,3.7841837197791888,0,0,0,0,0,0.25,1
19,11,0,0,1,0,0,2,0,0,0,0,0,0,7,0,3,0,0,0,0,0,1,3.6818808028034016,0,0,0,0,0,0.21052631578947367,0
75,24,1,41,2,1,0,3,1,2,0,1,0,23,16,3,3,1,0,2,0,0,1,4.860215984974626,0,0,0,0,0,0.14666666666666667,1
84,15,61,0,2,2,1,6,0,0,0,0,0,8,6,4,3,1,4,0,0,0,1,5.119771553855177,0,0,0,0,0,0.14285714285714285,1
27,4,15,0,1,0,0,3,0,0,0,0,0,0,1,0,2,0,1,0,0,0,1,3.95822916866988,0,0,0,0,0,0.18518518518518517,1
190,15,108,58,3,2,4,7,1,4,0,3,0,17,6,4,3,1,5,4,0,0,1,5.492636793743526,0,0,0,0,0,0.14736842105263157,1
42,33,1,0,2,0,0,3,0,0,0,0,0,0,6,22,3,1,0,0,0,0,1,4.121267946939376,0,0,0,0,0,0.14285714285714285,1
26,18,0,0,1,0,0,2,0,0,0,0,0,0,14,0,3,0,0,0,0,0,1,3.7192945256669785,0,0,0,0,0,0.15384615384615385,0
26,18,0,0,2,0,0,2,0,0,0,0,0,0,8,5,3,1,0,0,0,0,1,4.056020968057881,0,0,0,0,0,0.19230769230769232,0
29,20,1,0,2,1,0,3,0,0,0,0,0,0,8,8,2,1,0,0,0,0,1,3.952302977662386,0,0,0,0,0,0.2413793103448276,1
21,6,7,0,1,1,0,3,0,0,0,0,0,0,3,0,2,0,1,0,0,0,1,3.8442328987631913,0,0,0,0,0,0.2857142857142857,1
22,7,7,0,1,0,0,3,0,0,0,0,0,1,4,0,2,0,1,0,0,0,1,4.152391277629865,0,0,0,0,0,0.22727272727272727,1
20,12,0,0,2,0,0,2,0,0,0,0,0,0,4,3,3,1,0,0,0,0,1,3.646439344671015,0,0,0,0,0,0.25,0
33,15,10,0,3,0,0,3,0,0,0,0,0,1,9,1,3,1,1,0,0,0,1,3.98319563424773,1,0,0,0,0,0.21212121212121213,1
21,13,0,0,2,0,0,2,0,0,0,0,0,0,6,3,2,1,0,0,0,0,1,3.1728107335198645,0,0,0,0,0,0.23809523809523808,0
22,14,0,0,2,0,0,2,0,0,0,0,0,0,6,3,3,1,0,0,0,0,1,3.879664004902593,0,0,0,0,0,0.22727272727272727,0
40,21,11,0,2,1,0,5,0,0,0,0,0,0,10,6,3,1,2,0,0,0,1,4.425070520364182,0,0,0,0,0,0.225,1
22,14,0,0,1,0,0,2,0,0,0,0,0,0,10,0,3,0,0,0,0,0,1,3.6978458230844122,0,0,0,0,0,0.18181818181818182,0
20,12,0,0,2,0,0,2,0,0,0,0,0,0,4,3,3,1,0,0,0,0,1,3.5219280948873624,0,0,0,0,0,0.25,0
22,14,0,0,2,0,0,2,0,0,0,0,0,0,6,3,3,1,0,0,0,0,1,3.788754913993503,0,0,0,0,0,0.22727272727272727,0
20,6,6,0,1,0,0,3,0,0,0,0,0,1,3,0,2,0,1,0,0,0,1,3.7841837197791888,0,0,0,0,0,0.25,1
24,16,0,0,2,0,0,2,0,0,0,0,0,0,8,3,3,1,0,0,0,0,1,3.886842188131012,0,0,0,0,0,0.20833333333333334,0
40,25,1,5,2,0,0,3,1,0,0,0,0,1,18,0,6,0,0,1,0,0,1,4.265311532225102,0,0,0,0,0,0.175,1
22,14,0,0,2,0,0,2,0,0,0,0,0,0,6,3,3,1,0,0,0,0,1,3.538310595615006,0,0,0,0,0,0.22727272727272727,0
35,9,18,0,1,0,0,3,0,0,0,0,0,4,5,0,3,0,1,0,0,0,1,4.650571945454579,0,0,0,0,0,0.14285714285714285,1
72,32,26,5,2,1,0,5,1,1,0,0,0,3,6,20,4,1,3,1,0,0,1,4.643708731313535,0,0,0,0,0,0.1527777777777778,1
16,8,0,0,1,0,0,2,0,0,0,0,0,0,4,0,3,0,0,0,0,0,1,3.625,0,0,0,0,0,0.25,0
23,15,0,0,2,0,0,2,0,0,0,0,0,0,7,3,3,1,0,0,0,0,1,3.8820451081368628,0,0,0,0,0,0.21739130434782608,0
83,74,1,0,3,0,0,3,0,0,0,0,0,12,4,64,4,2,0,0,0,0,1,4.795127576562485,0,0,0,0,0,0.08433734939759036,1
190,15,108,58,3,2,0,7,1,4,0,3,0,16,6,4,3,1,5,4,0,0,1,5.425443155179277,0,0,0,0,0,0.12631578947368421,1
17,9,0,0,1,0,0,2,0,0,0,0,0,0,5,0,3,0,0,0,0,0,1,3.6901165175936654,0,0,0,0,0,0.23529411764705882,0
19,11,0,0,1,0,0,2,0,0,0,0,0,0,7,0,3,0,0,0,0,0,1,3.7216117239699003,0,0,0,0,0,0.21052631578947367,0
28,9,11,0,1,0,0,3,0,0,0,0,0,2,6,0,2,0,1,0,0,0,1,4.080050351464737,0,0,0,0,0,0.17857142857142858,1
21,6,7,0,1,1,0,3,0,0,0,0,0,1,3,0,2,0,1,0,0,0,1,3.939470994001286,0,0,0,0,0,0.2857142857142857,1
22,14,0,0,2,0,0,2,0,0,0,0,0,0,6,3,3,1,0,0,0,0,1,3.7544418457133446,0,0,0,0,0,0.22727272727272727,0
36,27,1,0,2,1,0,3,0,0,0,0,0,0,11,11,3,1,0,0,0,0,1,4.065079515030719,0,0,0,0,0,0.19444444444444445,1
20,12,0,0,2,0,0,2,0,0,0,0,0,0,4,3,3,1,0,0,0,0,1,3.584183719779189,0,0,0,0,0,0.25,0
57,40,9,0,2,2,0,3,0,0,0,0,0,2,5,30,3,1,1,0,0,0,1,4.01200492746613,0,0,0,0,0,0.14035087719298245,1
51,42,1,0,2,2,0,3,0,0,0,0,0,6,6,31,3,1,0,0,0,0,1,4.3415566560709635,0,0,0,0,0,0.1568627450980392,1
19,11,0,0,1,0,0,2,0,0,0,0,0,0,7,0,3,0,0,0,0,0,1,3.7216117239699003,0,0,0,0,0,0.21052631578947367,0
21,13,0,0,2,0,0,2,0,0,0,0,0,0,5,3,3,1,0,0,0,0,1,3.5585186130489057,0,0,0,0,0,0.23809523809523808,0
25,17,0,0,2,0,0,2,0,0,0,0,0,0,9,3,3,1,0,0,0,0,1,3.593269689515108,0,0,0,0,0,0.2,0
23,15,0,0,2,0,0,2,0,0,0,0,0,0,6,4,3,1,0,0,0,0,1,3.8279097821439705,0,0,0,0,0,0.21739130434782608,0
18,10,0,0,1,0,0,2,0,0,0,0,0,0,6,0,3,0,0,0,0,0,1,3.8365916681089787,0,0,0,0,0,0.2222222222222222,0
62,43,11,0,3,1,0,3,0,0,0,0,0,26,2,36,3,1,1,0,0,0,1,4.792275342365782,0,0,0,0,0,0.12903225806451613,1
36,27,1,0,2,0,0,3,0,0,0,0,0,0,11,11,3,1,0,0,0,0,1,4.2390979179887855,0,0,0,0,0,0.16666666666666666,1
24,16,0,0,2,0,0,2,0,0,0,0,0,0,6,5,3,1,0,0,0,0,1,3.7201755214643453,1,0,0,0,0,0.20833333333333334,0
31,22,1,0,2,0,0,3,0,0,0,0,0,0,6,11,3,1,0,0,0,0,1,4.0667842134731025,0,0,0,0,0,0.1935483870967742,1
51,21,22,0,3,0,0,4,0,0,0,0,0,3,5,11,3,2,2,0,0,0,1,4.512400646702279,0,0,0,0,0,0.1568627450980392,1
22,6,8,0,1,0,0,3,0,0,0,0,0,1,3,0,2,0,1,0,0,0,1,3.8796640049025926,0,0,0,0,0,0.22727272727272727,1
21,6,7,0,1,1,0,3,0,0,0,0,0,0,3,0,2,0,1,0,0,0,1,3.8442328987631913,0,0,0,0,0,0.2857142857142857,1
20,12,0,0,2,0,0,2,0,0,0,0,0,0,4,3,3,1,0,0,0,0,1,3.5464393446710147,0,0,0,0,0,0.25,0
15,7,0,0,1,0,0,2,0,0,0,0,0,0,3,0,3,0,0,0,0,0,1,3.5068905956085183,0,0,0,0,0,0.26666666666666666,0
20,12,0,0,1,0,0,2,0,0,0,0,0,0,8,0,3,0,0,0,0,0,1,3.7841837197791888,0,0,0,0,0,0.2,0
19,11,0,0,2,0,0,2,0,0,0,0,0,0,3,3,3,1,0,0,0,0,1,3.4316235658474303,0,0,0,0,0,0.2631578947368421,0
72,25,39,0,2,1,0,8,0,0,0,0,0,0,21,0,3,0,6,0,0,0,1,4.3367280447473044,1,0,0,0,0,0.16666666666666666,1
20,12,0,0,1,0,0,2,0,0,0,0,0,0,8,0,3,0,0,0,0,0,1,3.6841837197791887,0,0,0,0,0,0.2,0
17,9,0,0,1,0,0,2,0,0,0,0,0,0,5,0,3,0,0,0,0,0,1,3.2639334294856344,0,0,0,0,0,0.23529411764705882,0
22,14,0,0,2,0,0,2,0,0,0,0,0,0,6,3,3,1,0,0,0,0,1,3.572623663895164,0,0,0,0,0,0.22727272727272727,0
34,25,1,0,2,1,0,3,0,0,0,0,0,6,6,13,4,1,0,0,0,0,1,4.0796786498829745,0,0,0,0,0,0.20588235294117646,1
16,8,0,0,1,0,0,2,0,0,0,0,0,0,4,0,3,0,0,0,0,0,1,3.125,0,0,0,0,0,0.25,0
27,19,0,0,2,0,0,2,0,0,0,0,0,0,9,5,3,1,0,0,0,0,1,3.8841550945958048,0,0,0,0,0,0.18518518518518517,0
28,20,0,0,2,0,0,2,0,0,0,0,0,0,8,7,3,1,0,0,0,0,1,3.8962915290459277,0,0,0,0,0,0.17857142857142858,0
23,15,0,0,2,0,0,2,0,0,0,0,0,0,7,3,3,1,0,0,0,0,1,3.9361804341297555,0,0,0,0,0,0.21739130434782608,0
39,30,1,0,2,1,0,3,0,0,0,0,0,0,11,14,3,1,0,0,0,0,1,4.169766962341044,0,0,0,0,0,0.1794871794871795,1
22,6,8,0,1,0,0,3,0,0,0,0,0,1,3,0,2,0,1,0,0,0,1,3.8453509366224354,0,0,0,0,0,0.22727272727272727,1
55,46,1,0,2,3,0,3,0,0,0,0,0,13,11,30,3,1,0,0,0,0,1,4.680826531470462,0,0,0,0,0,0.16363636363636364,1
59,21,30,0,2,2,0,3,0,0,0,0,0,10,7,9,3,1,1,0,0,0,1,4.9484156683658425,0,0,0,0,0,0.13559322033898305,1
16,8,0,0,1,0,0,2,0,0,0,0,0,0,4,0,3,0,0,0,0,0,1,3.25,0,0,0,0,0,0.25,0
70,22,40,0,2,1,0,7,0,0,0,0,0,2,17,0,4,0,5,0,0,0,1,4.409930033250095,0,0,0,0,0,0.15714285714285714,1
30,21,1,0,2,1,0,3,0,0,0,0,0,3,8,8,3,1,0,0,0,0,1,4.21506101220307,0,0,0,0,0,0.23333333333333334,1
22,14,0,0,2,0,0,2,0,0,0,0,0,0,5,4,3,1,0,0,0,0,1,3.697845823084412,0,0,0,0,0,0.22727272727272727,0
151,15,46,81,3,5,1,4,1,2,0,0,0,36,6,4,3,1,2,1,0,0,1,5.41503052842775,0,0,0,0,0,0.11920529801324503,1
17,9,0,0,1,0,0,2,0,0,0,0,0,0,5,0,3,0,0,0,0,0,1,3.4548223999466066,0,0,0,0,0,0.23529411764705882,0
18,10,0,0,1,0,0,2,0,0,0,0,0,0,6,0,3,0,0,0,0,0,1,3.7254805569978675,0,0,0,0,0,0.2222222222222222,0
22,14,0,0,2,0,0,2,0,0,0,0,0,0,6,3,3,1,0,0,0,0,1,3.9139770731827515,0,0,0,0,0,0.22727272727272727,0
84,15,61,0,2,0,1,6,0,0,0,0,0,10,6,4,3,1,4,0,0,0,1,5.290777839290895,0,0,0,0,0,0.11904761904761904,1
76,25,1,41,2,1,0,3,1,2,0,1,0,22,16,4,3,1,0,2,0,0,1,4.943210204284751,0,0,0,0,0,0.14473684210526316,1
167,15,108,35,2,1,0,7,1,3,0,2,0,15,6,4,3,1,5,3,0,0,1,5.513463966837439,0,0,0,0,0,0.10179640718562874,1
30,22,0,0,2,0,0,2,0,0,0,0,0,0,9,8,3,1,0,0,0,0,1,4.031401845392171,0,0,0,0,0,0.16666666666666666,0
17,9,0,0,1,0,0,2,0,0,0,0,0,0,5,0,3,0,0,0,0,0,1,3.734521664779752,0,0,0,0,0,0.23529411764705882,0
84,15,61,0,2,0,2,6,0,0,0,0,0,7,6,4,3,1,4,0,0,0,1,5.223996405071409,0,0,0,0,0,0.13095238095238096,1
18,10,0,0,1,0,0,2,0,0,0,0,0,0,6,0,3,0,0,0,0,0,1,3.6835423624332306,0,0,0,0,0,0.2222222222222222,0
22,7,7,0,1,0,0,3,0,0,0,0,0,1,4,0,2,0,1,0,0,0,1,4.061482186720775,0,0,0,0,0,0.22727272727272727,1
31,24,0,0,2,1,0,2,0,0,0,0,0,7,16,3,3,1,0,0,0,0,0,4.195816471537619,0,0,0,0,0,0.1935483870967742,1
29,20,1,0,2,0,0,3,0,0,0,0,0,0,6,9,3,1,0,0,0,0,1,4.021268494903765,0,0,0,0,0,0.20689655172413793,1
28,19,1,0,2,0,0,3,0,0,0,0,0,7,3,11,3,1,0,0,0,0,1,4.137537511266052,0,0,0,0,0,0.21428571428571427,1
37,28,1,0,2,0,0,3,0,0,0,0,0,0,6,17,3,1,0,0,0,0,1,4.165421190410283,0,0,0,0,0,0.16216216216216217,1
23,15,0,0,2,0,0,2,0,0,0,0,0,0,7,3,3,1,0,0,0,0,1,3.7622673906514947,0,0,0,0,0,0.21739130434782608,0
20,12,0,0,2,0,0,2,0,0,0,0,0,0,4,3,3,1,0,0,0,0,1,3.5841837197791886,0,0,0,0,0,0.25,0
18,10,0,0,1,0,0,2,0,0,0,0,0,0,6,0,3,0,0,0,0,0,1,3.5724312513221195,0,0,0,0,0,0.2222222222222222,0
16,8,0,0,1,0,0,2,0,0,0,0,0,0,4,0,3,0,0,0,0,0,1,3.577819531114783,0,0,0,0,0,0.25,0
47,16,23,0,2,1,0,5,0,0,0,0,0,2,12,0,3,0,3,0,0,0,1,4.402695968966624,0,0,0,0,0,0.19148936170212766,1
26,18,0,0,2,0,0,2,0,0,0,0,0,0,8,5,3,1,0,0,0,0,1,4.132944044980958,0,0,0,0,0,0.19230769230769232,0
19,11,0,0,1,0,0,2,0,0,0,0,0,0,7,0,3,0,0,0,0,0,1,3.7216117239699007,0,0,0,0,0,0.21052631578947367,0
84,15,61,0,2,1,1,6,0,0,0,0,0,4,6,4,3,1,4,0,0,0,1,5.117809684374456,0,0,0,0,0,0.13095238095238096,1
84,15,61,0,2,0,1,6,0,0,0,0,0,6,6,4,3,1,4,0,0,0,1,5.344232898763193,0,0,0,0,0,0.11904761904761904,1
42,14,20,0,2,1,0,4,0,0,0,0,0,7,5,5,2,1,2,0,0,0,1,4.612439148917726,0,0,0,0,0,0.19047619047619047,1
29,21,0,0,2,0,0,2,0,0,0,0,0,0,6,10,3,1,0,0,0,0,1,3.823498236506883,0,0,0,0,0,0.1724137931034483,0
63,43,12,0,3,1,0,3,0,0,0,0,0,18,2,36,3,1,1,0,0,0,1,4.675071986717254,0,0,0,0,0,0.12698412698412698,1
22,14,0,0,2,0,0,2,0,0,0,0,0,0,6,3,3,1,0,0,0,0,1,3.7887549139935026,0,0,0,0,0,0.22727272727272727,0
21,6,7,0,1,1,0,3,0,0,0,0,0,0,3,0,2,0,1,0,0,0,1,3.939470994001286,0,0,0,0,0,0.2857142857142857,1
21,6,7,0,1,1,0,3,0,0,0,0,0,0,3,0,2,0,1,0,0,0,1,3.844232898763191,0,0,0,0,0,0.2857142857142857,1
21,13,0,0,1,0,0,2,0,0,0,0,0,0,9,0,3,0,0,0,0,0,1,3.7849418274376423,0,0,0,0,0,0.19047619047619047,0
23,8,7,0,2,0,0,3,0,0,0,0,0,0,3,1,2,1,1,0,0,0,1,3.8820451081368628,0,0,0,0,0,0.2608695652173913,1
20,12,0,0,2,0,0,2,0,0,0,0,0,0,4,3,3,1,0,0,0,0,1,3.3841837197791884,0,0,0,0,0,0.25,0
225,49,13,154,4,0,0,4,1,1,0,0,0,10,7,37,3,2,2,1,0,0,1,5.277691016594158,0,0,0,0,0,0.04888888888888889,1
21,6,7,0,1,1,0,3,0,0,0,0,0,2,3,0,2,0,1,0,0,0,1,3.939470994001286,0,0,0,0,0,0.2857142857142857,1
18,10,0,0,2,0,0,2,0,0,0,0,0,0,2,3,3,1,0,0,0,0,1,3.350209029099897,0,0,0,0,0,0.2777777777777778,0
22,14,0,0,1,0,0,2,0,0,0,0,0,0,10,0,3,0,0,0,0,0,1,3.788754913993503,0,0,0,0,0,0.18181818181818182,0
28,19,1,0,2,0,0,3,0,0,0,0,0,0,3,11,3,1,0,0,0,0,1,3.8962915290459277,0,0,0,0,0,0.21428571428571427,1
114,15,54,36,3,2,0,6,1,2,0,1,0,12,7,3,3,1,4,2,0,0,1,5.1802266107094095,0,0,0,0,0,0.14035087719298245,1
23,8,7,0,2,0,0,3,0,0,0,0,0,1,3,1,2,1,1,0,0,0,1,4.0559581516151235,0,0,0,0,0,0.2608695652173913,1
23,15,0,0,2,0,0,2,0,0,0,0,0,0,7,3,3,1,0,0,0,0,1,3.708132064658602,0,0,0,0,0,0.21739130434782608,0
61,43,10,0,3,1,0,3,0,0,0,0,0,21,2,36,3,1,1,0,0,0,1,4.729356804527732,0,0,0,0,0,0.13114754098360656,1
83,74,1,0,3,0,0,3,0,0,0,0,0,7,4,64,4,2,0,0,0,0,1,4.832710895583734,0,0,0,0,0,0.08433734939759036,1
16,8,0,0,1,0,0,2,0,0,0,0,0,0,4,0,3,0,0,0,0,0,1,3.452819531114783,0,0,0,0,0,0.25,0
19,11,0,0,1,0,0,2,0,0,0,0,0,0,7,0,3,0,0,0,0,0,1,3.7871439606981383,0,0,0,0,0,0.21052631578947367,0
41,32,1,0,2,2,0,3,0,0,0,0,0,6,6,21,3,1,0,0,0,0,1,4.1315846264110005,0,0,0,0,0,0.1951219512195122,1
64,43,13,0,3,1,0,3,0,0,0,0,0,21,2,36,3,1,1,0,0,0,1,4.7867384298164914,0,0,0,0,0,0.15625,1
21,13,0,0,1,0,0,2,0,0,0,0,0,0,9,0,3,0,0,0,0,0,1,3.7849418274376423,0,0,0,0,0,0.19047619047619047,0
31,10,13,0,1,1,0,4,0,0,0,0,0,1,6,0,3,0,1,0,0,0,1,3.962103165155795,0,0,0,0,0,0.22580645161290322,1
190,15,108,58,3,2,2,7,1,4,0,3,0,14,6,4,3,1,5,4,0,0,1,5.438976492400966,0,0,0,0,0,0.1368421052631579,1
18,10,0,0,1,0,0,2,0,0,0,0,0,0,6,0,3,0,0,0,0,0,1,3.7254805569978675,0,0,0,0,0,0.2222222222222222,0
24,9,7,0,1,0,0,4,0,0,0,0,0,0,6,0,2,0,1,0,0,0,1,3.772055208874201,0,0,0,0,0,0.25,1
190,15,108,58,3,4,5,7,1,4,0,3,0,19,6,4,3,1,5,4,0,0,1,5.607863422030838,0,0,0,0,0,0.1631578947368421,1
46,16,22,0,2,0,0,5,0,0,0,0,0,1,6,5,3,1,3,0,0,0,1,4.0999979678969245,0,0,0,0,0,0.17391304347826086,1
24,16,0,0,2,0,0,2,0,0,0,0,0,0,6,5,3,1,0,0,0,0,1,3.7720552088742005,0,0,0,0,0,0.20833333333333334,0
20,12,0,0,2,0,0,2,0,0,0,0,0,0,4,3,3,1,0,0,0,0,1,3.5841837197791886,0,0,0,0,0,0.25,0
22,14,0,0,2,0,0,2,0,0,0,0,0,0,6,3,3,1,0,0,0,0,1,3.663532754804254,0,0,0,0,0,0.22727272727272727,0
27,12,7,0,1,0,0,3,0,0,0,0,0,1,7,0,4,0,1,0,0,0,1,4.060262039120379,0,0,0,0,0,0.18518518518518517,1
22,14,0,0,2,0,0,2,0,0,0,0,0,0,6,3,3,1,0,0,0,0,1,3.322179345516667,0,0,0,0,0,0.22727272727272727,0
37,21,8,0,2,1,0,3,0,0,0,0,0,3,7,9,3,1,1,0,0,0,1,4.100816878908575,0,0,0,0,0,0.1891891891891892,1
76,25,1,41,2,1,0,3,1,2,0,1,0,26,16,4,3,1,0,2,0,0,1,4.907265468549762,0,0,0,0,0,0.14473684210526316,1
27,19,0,0,2,0,0,2,0,0,0,0,0,0,9,5,3,1,0,0,0,0,1,3.615817594675933,0,0,0,0,0,0.18518518518518517,0
190,15,108,58,3,3,1,7,1,4,0,3,0,19,6,4,3,1,5,4,0,0,1,5.540571065605209,0,0,0,0,0,0.1368421052631579,1
21,13,0,0,2,0,0,2,0,0,0,0,0,0,5,3,3,1,0,0,0,0,1,3.4992275417233563,0,0,0,0,0,0.23809523809523808,0
22,6,8,0,1,0,0,3,0,0,0,0,0,1,3,0,2,0,1,0,0,0,1,3.936260027531526,0,0,0,0,0,0.22727272727272727,1
20,12,0,0,1,0,0,2,0,0,0,0,0,0,8,0,3,0,0,0,0,0,1,3.6841837197791887,0,0,0,0,0,0.2,0
19,11,0,0,1,0,0,2,0,0,0,0,0,0,7,0,3,0,0,0,0,0,1,3.6818808028034016,0,0,0,0,0,0.21052631578947367,0
35,11,9,6,1,0,0,3,1,1,0,0,0,0,7,0,3,0,1,1,0,0,1,4.436006945330953,0,0,0,0,0,0.2,1
25,17,0,0,2,0,0,2,0,0,0,0,0,0,5,7,3,1,0,0,0,0,1,3.7532696895151076,1,0,0,0,0,0.2,0
22,6,8,0,1,0,0,3,0,0,0,0,0,3,3,0,2,0,1,0,0,0,1,4.027169118440616,0,0,0,0,0,0.22727272727272727,1
38,29,1,0,2,0,0,3,0,0,0,0,0,8,6,18,3,1,0,0,0,0,1,4.45148902643068,0,0,0,0,0,0.15789473684210525,1
17,9,0,0,1,0,0,2,0,0,0,0,0,0,5,0,3,0,0,0,0,0,1,3.4548223999466066,0,0,0,0,0,0.23529411764705882,0
20,6,6,0,1,0,0,3,0,0,0,0,0,1,3,0,2,0,1,0,0,0,1,3.7841837197791888,0,0,0,0,0,0.25,1
21,13,0,0,2,0,0,2,0,0,0,0,0,0,5,3,3,1,0,0,0,0,1,3.6897037321995474,0,0,0,0,0,0.23809523809523808,0
22,14,0,0,2,0,0,2,0,0,0,0,0,0,6,3,3,1,0,0,0,0,1,3.7887549139935026,0,0,0,0,0,0.22727272727272727,0
17,9,0,0,1,0,0,2,0,0,0,0,0,0,5,0,3,0,0,0,0,0,1,3.734521664779752,0,0,0,0,0,0.23529411764705882,0
22,14,0,0,2,0,0,2,0,0,0,0,0,0,6,3,3,1,0,0,0,0,1,3.7887549139935026,0,0,0,0,0,0.22727272727272727,0
22,7,7,0,1,0,0,3,0,0,0,0,0,0,4,0,2,0,1,0,0,0,1,3.970573095811684,0,0,0,0,0,0.22727272727272727,1
83,74,1,0,3,0,0,3,0,0,0,0,0,11,4,64,4,2,0,0,0,0,1,4.829522190686259,0,0,0,0,0,0.08433734939759036,1
16,8,0,0,1,0,0,2,0,0,0,0,0,0,4,0,3,0,0,0,0,0,1,3.75,0,0,0,0,0,0.25,0
133,15,61,48,3,4,0,6,1,3,0,2,0,12,7,3,3,1,4,3,0,0,1,5.1560309325516,0,0,0,0,0,0.15037593984962405,1
29,11,10,0,1,0,1,3,0,0,0,0,0,0,7,0,3,0,1,0,0,0,1,3.952302977662386,0,0,0,0,0,0.20689655172413793,1
41,32,1,0,2,2,0,3,0,0,0,0,0,6,6,21,3,1,0,0,0,0,1,4.238666566058884,0,0,0,0,0,0.1951219512195122,1
23,8,7,0,2,0,0,3,0,0,0,0,0,1,3,1,2,1,1,0,0,0,1,3.9690016298759936,0,0,0,0,0,0.2608695652173913,1
41,16,17,0,2,0,0,5,0,0,0,0,0,3,6,5,3,1,3,0,0,0,1,4.092325102644249,0,0,0,0,0,0.1951219512195122,1
37,28,1,0,2,1,0,3,0,0,0,0,0,0,8,15,3,1,0,0,0,0,1,4.044063758094795,0,0,0,0,0,0.1891891891891892,1
58,7,43,0,1,0,0,3,0,0,0,0,0,1,4,0,2,0,1,0,0,0,1,4.577555779498425,0,0,0,0,0,0.08620689655172414,1
18,10,0,0,1,0,0,2,0,0,0,0,0,0,6,0,3,0,0,0,0,0,1,3.6143694458867563,0,0,0,0,0,0.2222222222222222,0
20,12,0,0,2,0,0,2,0,0,0,0,0,0,4,3,3,1,0,0,0,0,1,3.5464393446710147,0,0,0,0,0,0.25,0
83,74,1,0,3,0,0,3,0,0,0,0,0,18,4,64,4,2,0,0,0,0,1,4.858010479560961,0,0,0,0,0,0.08433734939759036,1
104,15,44,36,3,0,0,6,1,2,0,1,0,16,7,3,3,1,4,2,0,0,1,5.042960906170467,0,0,0,0,0,0.1346153846153846,1
15,7,0,0,1,0,0,2,0,0,0,0,0,0,3,0,3,0,0,0,0,0,1,3.373557262275185,0,0,0,0,0,0.26666666666666666,0
22,14,0,0,1,0,0,2,0,0,0,0,0,0,10,0,3,0,0,0,0,0,1,3.7544418457133446,0,0,0,0,0,0.18181818181818182,0
175,15,108,43,2,2,3,7,1,3,0,2,0,22,6,4,3,1,5,3,0,0,1,5.633016290468921,0,0,0,0,0,0.13142857142857142,1
20,12,0,0,1,0,0,2,0,0,0,0,0,0,8,0,3,0,0,0,0,0,1,3.6841837197791887,0,0,0,0,0,0.2,0
45,19,18,0,2,0,0,5,0,0,0,0,0,3,6,7,4,1,3,0,0,0,1,4.4615302524052245,0,0,0,0,0,0.17777777777777778,1
19,11,0,0,2,0,0,2,0,0,0,0,0,0,3,3,3,1,0,0,0,0,1,3.5368867237421666,0,0,0,0,0,0.2631578947368421,0
167,15,108,35,2,3,1,7,1,3,0,2,0,13,6,4,3,1,5,3,0,0,1,5.595832326346306,0,0,0,0,0,0.11976047904191617,1
27,19,0,0,2,0,0,2,0,0,0,0,0,0,11,3,3,1,0,0,0,0,1,3.884155094595805,0,0,0,0,0,0.18518518518518517,0
54,17,29,0,2,0,1,3,0,0,0,0,0,5,7,5,3,1,1,0,0,0,1,4.810081020521731,0,0,0,0,0,0.12962962962962962,1
175,15,108,43,2,1,0,7,1,3,0,2,0,17,6,4,3,1,5,3,0,0,1,5.585656775200532,0,0,0,0,0,0.10857142857142857,1
19,11,0,0,2,0,0,2,0,0,0,0,0,0,3,3,3,1,0,0,0,0,1,3.5110854081804264,0,0,0,0,0,0.2631578947368421,0
21,13,0,0,2,0,0,2,0,0,0,0,0,0,5,3,3,1,0,0,0,0,1,3.630412660873998,0,0,0,0,0,0.23809523809523808,0
84,15,61,0,2,1,0,6,0,0,0,0,0,8,6,4,3,1,4,0,0,0,1,5.26262869671232,0,0,0,0,0,0.11904761904761904,1
84,15,61,0,2,0,0,6,0,0,0,0,0,9,6,4,3,1,4,0,0,0,1,5.05448651271989,0,0,0,0,0,0.10714285714285714,1
19,11,0,0,2,0,0,2,0,0,0,0,0,0,3,3,3,1,0,0,0,0,1,3.5766176449086653,0,0,0,0,0,0.2631578947368421,0
39,30,1,0,2,0,0,3,0,0,0,0,0,0,11,14,3,1,0,0,0,0,1,4.060416641661804,0,0,0,0,0,0.15384615384615385,1
26,17,1,0,2,0,0,3,0,0,0,0,0,0,3,9,3,1,0,0,0,0,1,3.767183467891461,0,0,0,0,0,0.23076923076923078,1
24,16,0,0,2,0,0,2,0,0,0,0,0,0,6,5,3,1,0,0,0,0,1,4.084962500721156,0,0,0,0,0,0.20833333333333334,0
73,32,33,0,2,1,0,3,0,0,0,0,0,28,12,15,3,1,1,0,0,0,1,4.685050977620232,0,0,0,0,0,0.0958904109589041,1
23,8,7,0,2,0,0,3,0,0,0,0,0,1,3,1,2,1,1,0,0,0,1,3.849223912390625,0,0,0,0,0,0.2608695652173913,1
23,15,0,0,2,0,0,2,0,0,0,0,0,0,7,3,3,1,0,0,0,0,1,3.7950885863977324,0,0,0,0,0,0.21739130434782608,0
84,15,61,0,2,2,0,6,0,0,0,0,0,9,6,4,3,1,4,0,0,0,1,5.167390601474224,0,0,0,0,0,0.13095238095238096,1
23,15,0,0,2,0,0,2,0,0,0,0,0,0,6,4,3,1,0,0,0,0,1,3.708132064658602,0,0,0,0,0,0.21739130434782608,0
110,15,50,36,3,2,0,6,1,2,0,1,0,16,7,3,3,1,4,2,0,0,1,5.283086986702161,0,0,0,0,0,0.14545454545454545,1
16,8,0,0,1,0,0,2,0,0,0,0,0,0,4,0,3,0,0,0,0,0,1,3.202819531114783,0,0,0,0,0,0.25,0
56,30,19,0,4,1,0,3,0,0,0,0,0,9,14,12,2,2,1,0,0,0,0,4.4834448240680045,0,0,0,0,0,0.16071428571428573,1
38,13,17,0,1,1,0,5,0,0,0,0,0,0,9,0,3,0,2,0,0,0,1,4.0407090139455,0,0,0,0,0,0.21052631578947367,1
20,12,0,0,1,0,0,2,0,0,0,0,0,0,8,0,3,0,0,0,0,0,1,3.7841837197791888,0,0,0,0,0,0.2,0
17,9,0,0,1,0,0,2,0,0,0,0,0,0,5,0,3,0,0,0,0,0,1,3.4548223999466066,0,0,0,0,0,0.23529411764705882,0
21,13,0,0,2,0,0,2,0,0,0,0,0,0,5,3,3,1,0,0,0,0,1,3.7849418274376423,0,0,0,0,0,0.23809523809523808,0
39,16,15,0,2,0,0,4,0,0,0,0,0,2,6,5,3,1,2,0,0,0,1,4.182336834024969,0,0,0,0,0,0.1794871794871795,1
24,16,0,0,2,0,0,2,0,0,0,0,0,0,8,3,3,1,0,0,0,0,1,3.8553885422075345,0,0,0,0,0,0.20833333333333334,0
60,28,24,0,3,2,0,3,0,0,0,0,0,9,7,16,3,2,1,0,0,0,1,4.869146220500345,0,0,0,0,0,0.15,1
26,10,8,0,1,0,0,4,0,0,0,0,0,1,6,0,3,0,1,0,0,0,1,4.1619781796795525,0,0,0,0,0,0.23076923076923078,1
22,7,7,0,1,0,0,3,0,0,0,0,0,0,4,0,2,0,1,0,0,0,1,4.061482186720775,0,0,0,0,0,0.22727272727272727,1
19,11,0,0,1,0,0,2,0,0,0,0,0,0,7,0,3,0,0,0,0,0,1,3.7216117239699003,0,0,0,0,0,0.21052631578947367,0
15,7,0,0,1,0,0,2,0,0,0,0,0,0,3,0,3,0,0,0,0,0,1,3.506890595608518,0,0,0,0,0,0.26666666666666666,0
24,16,0,0,2,0,0,2,0,0,0,0,0,0,8,3,3,1,0,0,0,0,1,3.8553885422075345,0,0,0,0,0,0.20833333333333334,0
22,14,0,0,2,0,0,2,0,0,0,0,0,0,6,3,3,1,0,0,0,0,1,3.7887549139935026,0,0,0,0,0,0.22727272727272727,0
39,30,1,0,2,0,0,3,0,0,0,0,0,0,11,14,3,1,0,0,0,0,1,4.0359392457032595,0,0,0,0,0,0.15384615384615385,1
22,6,8,0,1,0,0,3,0,0,0,0,0,2,3,0,2,0,1,0,0,0,1,3.936260027531526,0,0,0,0,0,0.22727272727272727,1
29,21,0,0,2,0,0,2,0,0,0,0,0,0,9,7,3,1,0,0,0,0,1,3.7545327192655034,1,0,0,0,0,0.1724137931034483,0
28,19,1,0,2,0,0,3,0,0,0,0,0,1,6,8,3,1,0,0,0,0,1,3.985228136034251,0,0,0,0,0,0.21428571428571427,1
76,25,1,41,2,1,0,3,1,2,0,1,0,25,16,4,3,1,0,2,0,0,1,4.809977348770636,0,0,0,0,0,0.14473684210526316,1
84,15,61,0,2,0,0,6,0,0,0,0,0,9,6,4,3,1,4,0,0,0,1,5.280602208668593,0,0,0,0,0,0.10714285714285714,1
175,15,108,43,2,4,0,7,1,3,0,2,0,23,6,4,3,1,5,3,0,0,1,5.581882432586983,0,0,0,0,0,0.12571428571428572,1
15,7,0,0,1,0,0,2,0,0,0,0,0,0,3,0,3,0,0,0,0,0,1,3.3735572622751855,0,0,0,0,0,0.26666666666666666,0
18,10,0,0,1,0,0,2,0,0,0,0,0,0,6,0,3,0,0,0,0,0,1,3.6835423624332306,0,0,0,0,0,0.2222222222222222,0
34,25,1,0,2,0,0,3,0,0,0,0,0,0,11,9,3,1,0,0,0,0,1,3.9620315910594455,0,0,0,0,0,0.17647058823529413,1
22,6,8,0,1,0,0,3,0,0,0,0,0,4,3,0,2,0,1,0,0,0,1,3.845350936622435,0,0,0,0,0,0.22727272727272727,1
18,10,0,0,1,0,0,2,0,0,0,0,0,0,6,0,3,0,0,0,0,0,1,3.5724312513221195,0,0,0,0,0,0.2222222222222222,0
61,24,29,0,1,0,0,5,0,0,0,0,0,7,20,0,3,0,3,0,0,0,1,4.385152502522002,0,0,0,0,0,0.11475409836065574,1
131,15,64,43,2,1,0,6,1,3,0,2,0,10,6,4,3,1,4,3,0,0,1,5.287102460382226,0,0,0,0,0,0.13740458015267176,1
22,14,0,0,2,0,0,2,0,0,0,0,0,0,6,3,3,1,0,0,0,0,1,3.879664004902593,0,0,0,0,0,0.22727272727272727,0
18,10,0,0,1,0,0,2,0,0,0,0,0,0,6,0,3,0,0,0,0,0,1,3.8365916681089787,0,0,0,0,0,0.2222222222222222,0
19,11,0,0,2,0,0,2,0,0,0,0,0,0,3,3,3,1,0,0,0,0,1,3.2866294867861954,0,0,0,0,0,0.2631578947368421,0
19,11,0,0,1,0,0,2,0,0,0,0,0,0,7,0,3,0,0,0,0,0,1,3.7216117239699003,0,0,0,0,0,0.21052631578947367,0
18,10,0,0,1,0,0,2,0,0,0,0,0,0,6,0,3,0,0,0,0,0,1,3.5724312513221195,0,0,0,0,0,0.2222222222222222,0
20,12,0,0,2,0,0,2,0,0,0,0,0,0,4,3,3,1,0,0,0,0,1,3.446439344671015,0,0,0,0,0,0.25,0
23,15,0,0,2,0,0,2,0,0,0,0,0,0,7,3,3,1,0,0,0,0,1,3.7622673906514947,0,0,0,0,0,0.21739130434782608,0
46,7,2,28,3,1,0,6,1,1,0,0,0,1,2,1,2,1,1,1,0,0,1,4.425098368818299,0,0,0,0,0,0.30434782608695654,1
23,15,0,0,2,0,0,2,0,0,0,0,0,0,6,4,3,1,0,0,0,0,1,3.7081320646586016,0,0,0,0,0,0.21739130434782608,0
23,8,7,0,1,0,0,3,0,0,0,0,0,3,4,0,3,0,1,0,0,0,1,3.8820451081368628,0,0,0,0,0,0.21739130434782608,1
21,13,0,0,2,0,0,2,0,0,0,0,0,0,5,3,3,1,0,0,0,0,1,3.463280517810811,0,0,0,0,0,0.23809523809523808,0
83,39,36,0,3,2,0,6,0,0,0,0,0,18,6,28,3,1,4,0,0,0,1,4.517246396426593,0,0,0,0,0,0.14457831325301204,1
39,30,1,0,1,2,0,3,0,0,0,0,0,0,26,0,3,0,0,0,0,0,1,4.079772731460867,0,0,0,0,0,0.1794871794871795,1
24,16,0,0,2,0,0,2,0,0,0,0,0,0,6,5,3,1,0,0,0,0,1,3.636842188131012,0,0,0,0,0,0.20833333333333334,0
46,37,1,0,2,0,0,3,0,0,0,0,0,23,3,29,3,1,0,0,0,0,1,4.327484781955842,0,0,0,0,0,0.13043478260869565,1
21,13,0,0,1,0,0,2,0,0,0,0,0,0,9,0,3,0,0,0,0,0,1,3.463280517810811,0,0,0,0,0,0.19047619047619047,0
20,12,0,0,2,0,0,2,0,0,0,0,0,0,4,3,3,1,0,0,0,0,1,3.4219280948873623,0,0,0,0,0,0.25,0
15,7,0,0,1,0,0,2,0,0,0,0,0,0,3,0,3,0,0,0,0,0,1,3.640223928941851,0,0,0,0,0,0.26666666666666666,0
21,13,0,0,2,0,0,2,0,0,0,0,0,0,5,3,3,1,0,0,0,0,1,3.748994803525096,0,0,0,0,0,0.23809523809523808,0
18,10,0,0,1,0,0,2,0,0,0,0,0,0,6,0,3,0,0,0,0,0,1,3.68354236243323,0,0,0,0,0,0.2222222222222222,0
23,4,11,0,1,0,0,3,0,0,0,0,0,0,1,0,2,0,1,0,0,0,1,3.849223912390625,0,0,0,0,0,0.21739130434782608,1
22,14,0,0,2,0,0,2,0,0,0,0,0,0,6,3,3,1,0,0,0,0,1,3.6978458230844113,0,0,0,0,0,0.22727272727272727,0
30,18,4,0,1,0,0,3,0,0,0,0,0,1,14,0,3,0,1,0,0,0,1,3.964735178725505,0,0,0,0,0,0.16666666666666666,1
40,23,9,0,2,0,0,4,0,0,0,0,0,0,5,14,2,1,1,0,0,0,1,3.8250705203641813,0,0,0,0,0,0.175,1
16,8,0,0,1,0,0,2,0,0,0,0,0,0,4,0,3,0,0,0,0,0,1,3.625,0,0,0,0,0,0.25,0
23,8,7,0,2,0,0,3,0,0,0,0,0,1,3,1,2,1,1,0,0,0,1,3.9690016298759936,0,0,0,0,0,0.2608695652173913,1
25,17,0,0,2,0,0,2,0,0,0,0,0,0,9,3,3,1,0,0,0,0,1,3.863465189601646,0,0,0,0,0,0.2,0
22,7,7,0,1,0,0,3,0,0,0,0,0,0,4,0,2,0,1,0,0,0,1,4.061482186720775,0,0,0,0,0,0.22727272727272727,1
175,15,108,43,2,1,0,7,1,3,0,2,0,18,6,4,3,1,5,3,0,0,1,5.471758721532548,0,0,0,0,0,0.10857142857142857,1
30,21,1,0,2,2,0,3,0,0,0,0,0,0,3,13,3,1,0,0,0,0,1,4.031401845392171,0,0,0,0,0,0.26666666666666666,1
19,11,0,0,2,0,0,2,0,0,0,0,0,0,3,3,3,1,0,0,0,0,1,3.5110854081804264,0,0,0,0,0,0.2631578947368421,0
21,6,7,0,1,1,0,3,0,0,0,0,0,0,3,0,2,0,1,0,0,0,1,3.8442328987631913,0,0,0,0,0,0.2857142857142857,1
23,15,0,0,2,0,0,2,0,0,0,0,0,0,7,3,3,1,0,0,0,0,1,3.7950885863977324,0,0,0,0,0,0.21739130434782608,0
19,11,0,0,2,0,0,2,0,0,0,0,0,0,3,3,3,1,0,0,0,0,1,3.260828171224455,0,0,0,0,0,0.2631578947368421,0
21,13,0,0,1,0,0,2,0,0,0,0,0,0,9,0,3,0,0,0,0,0,1,3.9754180179138325,0,0,0,0,0,0.19047619047619047,0
22,14,0,0,2,0,0,2,0,0,0,0,0,0,6,3,3,1,0,0,0,0,1,3.879664004902593,0,0,0,0,0,0.22727272727272727,0
131,15,108,0,2,3,0,7,0,0,0,0,0,10,6,4,3,1,5,0,0,0,1,5.48190726223805,0,0,0,0,0,0.09923664122137404,1
18,10,0,0,1,0,0,2,0,0,0,0,0,0,6,0,3,0,0,0,0,0,1,3.5724312513221195,0,0,0,0,0,0.2222222222222222,0
23,15,0,0,2,0,0,2,0,0,0,0,0,0,7,3,3,1,0,0,0,0,1,3.849223912390625,0,0,0,0,0,0.21739130434782608,0
26,18,0,0,2,0,0,2,0,0,0,0,0,0,8,5,3,1,0,0,0,0,1,3.979097891134804,0,0,0,0,0,0.19230769230769232,0
21,13,0,0,2,0,0,2,0,0,0,0,0,0,5,3,3,1,0,0,0,0,1,3.7849418274376423,0,0,0,0,0,0.23809523809523808,0
19,11,0,0,2,0,0,2,0,0,0,0,0,0,3,3,3,1,0,0,0,0,1,3.5766176449086653,0,0,0,0,0,0.2631578947368421,0
20,12,0,0,2,0,0,2,0,0,0,0,0,0,4,3,3,1,0,0,0,0,1,3.5464393446710147,0,0,0,0,0,0.25,0
16,8,0,0,1,0,0,2,0,0,0,0,0,0,4,0,3,0,0,0,0,0,1,3.5,0,0,0,0,0,0.25,0
23,4,11,0,1,0,0,3,0,0,0,0,0,3,1,0,2,0,1,0,0,0,1,4.110093477608016,0,0,0,0,0,0.21739130434782608,1
26,18,0,0,2,0,0,2,0,0,0,0,0,0,6,7,3,1,0,0,0,0,1,3.719294525666979,0,0,0,0,0,0.19230769230769232,0
76,25,1,41,2,1,0,3,1,2,0,1,0,22,16,4,3,1,0,2,0,0,1,4.755481171795949,0,0,0,0,0,0.14473684210526316,1
15,7,0,0,1,0,0,2,0,0,0,0,0,0,4,0,2,0,0,0,0,0,1,3.373557262275185,0,0,0,0,0,0.26666666666666666,0
24,16,0,0,2,0,0,2,0,0,0,0,0,0,8,3,3,1,0,0,0,0,1,3.855388542207534,0,0,0,0,0,0.20833333333333334,0
24,16,0,0,2,0,0,2,0,0,0,0,0,0,8,3,3,1,0,0,0,0,1,3.8035088547976783,0,0,0,0,0,0.20833333333333334,0
178,15,108,46,3,4,1,7,1,4,0,3,0,19,6,4,3,1,5,4,0,0,1,5.61964360086533,0,0,0,0,0,0.1348314606741573,1
75,25,1,40,2,1,0,3,1,2,0,1,0,25,16,4,3,1,0,2,0,0,1,4.890103650577108,0,0,0,0,0,0.14666666666666667,1
19,11,0,0,1,0,0,2,0,0,0,0,0,0,7,0,3,0,0,0,0,0,1,3.576617644908665,0,0,0,0,0,0.21052631578947367,0
22,6,8,0,1,0,0,3,0,0,0,0,0,2,3,0,2,0,1,0,0,0,1,4.027169118440616,0,0,0,0,0,0.22727272727272727,1
39,30,1,0,2,1,0,3,0,0,0,0,0,0,11,14,3,1,0,0,0,0,1,4.182336834024969,0,0,0,0,0,0.1794871794871795,1
20,5,7,0,1,0,0,3,0,0,0,0,0,2,2,0,2,0,1,0,0,0,1,3.884183719779189,0,0,0,0,0,0.25,1
22,14,0,0,2,0,0,2,0,0,0,0,0,0,6,3,3,1,0,0,0,0,1,3.6978458230844122,0,0,0,0,0,0.22727272727272727,0
70,20,42,0,2,4,0,4,0,0,0,0,0,18,12,3,3,1,2,0,0,0,1,4.715915917380001,0,0,0,0,0,0.15714285714285714,1
29,20,1,0,2,0,0,3,0,0,0,0,0,0,8,7,3,1,0,0,0,0,1,3.9002417706166295,0,0,0,0,0,0.20689655172413793,1
20,6,6,0,1,1,0,3,0,0,0,0,0,1,3,0,2,0,1,0,0,0,1,3.846439344671015,0,0,0,0,0,0.3,1
21,6,7,0,1,1,0,3,0,0,0,0,0,0,3,0,2,0,1,0,0,0,1,3.939470994001286,0,0,0,0,0,0.2857142857142857,1
23,15,0,0,2,0,0,2,0,0,0,0,0,0,7,3,3,1,0,0,0,0,1,3.7622673906514947,0,0,0,0,0,0.21739130434782608,0
23,8,7,0,2,0,0,3,0,0,0,0,0,0,3,1,2,1,1,0,0,0,1,4.0559581516151235,0,0,0,0,0,0.2608695652173913,1
20,12,0,0,2,0,0,2,0,0,0,0,0,0,4,3,3,1,0,0,0,0,1,3.1841837197791887,0,0,0,0,0,0.25,0
22,14,0,0,1,0,0,2,0,0,0,0,0,0,10,0,3,0,0,0,0,0,1,3.7887549139935026,0,0,0,0,0,0.18181818181818182,0
28,20,1,0,2,0,0,3,0,0,0,0,0,0,13,0,6,0,0,0,0,0,0,3.8962915290459286,0,0,0,0,0,0.21428571428571427,1
16,8,0,0,1,0,0,2,0,0,0,0,0,0,4,0,3,0,0,0,0,0,1,3.5,0,0,0,0,0,0.25,0
22,6,8,0,1,0,0,3,0,0,0,0,0,3,3,0,2,0,1,0,0,0,1,3.936260027531526,0,0,0,0,0,0.22727272727272727,1
23,15,0,0,2,0,0,2,0,0,0,0,0,0,6,4,3,1,0,0,0,0,1,3.5883543471732335,0,0,0,0,0,0.21739130434782608,0
41,23,10,0,2,0,0,4,0,0,0,0,0,6,12,6,3,1,1,0,0,0,1,4.5098718216384865,0,0,0,0,0,0.17073170731707318,1
51,16,27,0,2,0,0,5,0,0,0,0,0,0,6,5,3,1,2,0,0,0,1,3.8771708836085352,0,0,0,0,0,0.1568627450980392,1
15,7,0,0,1,0,0,2,0,0,0,0,0,0,3,0,3,0,0,0,0,0,1,3.640223928941851,0,0,0,0,0,0.26666666666666666,0
16,8,0,0,1,0,0,2,0,0,0,0,0,0,4,0,3,0,0,0,0,0,1,3.327819531114783,0,0,0,0,0,0.25,0
24,16,0,0,2,0,0,2,0,0,0,0,0,0,8,3,3,1,0,0,0,0,1,3.9701755214643453,0,0,0,0,0,0.20833333333333334,0
19,11,0,0,1,0,0,2,0,0,0,0,0,0,7,0,3,0,0,0,0,0,1,3.6818808028034016,0,0,0,0,0,0.21052631578947367,0
29,21,0,0,2,0,0,2,0,0,0,0,0,0,9,7,3,1,0,0,0,0,1,3.6335059949783677,0,0,0,0,0,0.1724137931034483,0
38,29,1,0,2,2,0,3,0,0,0,0,0,0,3,21,3,1,0,0,0,0,1,3.9354458560507632,0,0,0,0,0,0.21052631578947367,1
22,14,0,0,2,0,0,2,0,0,0,0,0,0,6,3,3,1,0,0,0,0,1,3.6069367321753205,0,0,0,0,0,0.22727272727272727,0
42,14,20,0,2,0,0,4,0,0,0,0,0,15,7,2,3,1,2,0,0,0,1,4.3680424225727155,0,0,0,0,0,0.16666666666666666,1
62,14,1,38,1,0,0,3,1,1,0,0,0,18,10,0,3,0,0,1,0,0,1,4.835098278366648,0,0,0,0,0,0.11290322580645161,1
43,9,26,0,1,0,0,3,0,0,0,0,0,1,6,0,2,0,1,0,0,0,1,4.04140719605943,0,0,0,0,0,0.11627906976744186,1
23,15,0,0,2,0,0,2,0,0,0,0,0,0,7,3,3,1,0,0,0,0,1,3.7950885863977324,0,0,0,0,0,0.21739130434782608,0
15,7,0,0,1,0,0,2,0,0,0,0,0,0,3,0,3,0,0,0,0,0,1,3.4565647621309536,0,0,0,0,0,0.26666666666666666,0
16,8,0,0,1,0,0,2,0,0,0,0,0,0,4,0,3,0,0,0,0,0,1,3.625,0,0,0,0,0,0.25,0
26,18,0,0,2,0,0,2,0,0,0,0,0,0,8,5,3,1,0,0,0,0,1,4.085055102756476,1,0,0,0,0,0.19230769230769232,0
35,20,7,0,1,0,0,4,0,0,0,0,0,0,13,0,6,0,1,0,0,0,1,4.114718016821338,0,0,0,0,0,0.17142857142857143,1
22,6,8,0,1,0,0,3,0,0,0,0,0,2,3,0,2,0,1,0,0,0,1,3.936260027531526,0,0,0,0,0,0.22727272727272727,1
22,14,0,0,2,0,0,2,0,0,0,0,0,0,6,3,3,1,0,0,0,0,1,3.6635327548042538,0,0,0,0,0,0.22727272727272727,0
18,10,0,0,1,0,0,2,0,0,0,0,0,0,6,0,3,0,0,0,0,0,1,3.4613201402110083,0,0,0,0,0,0.2222222222222222,0
21,13,0,0,2,0,0,2,0,0,0,0,0,0,5,3,3,1,0,0,0,0,1,3.7849418274376423,0,0,0,0,0,0.23809523809523808,0
30,21,1,0,2,0,0,3,0,0,0,0,0,0,6,10,3,1,0,0,0,0,1,4.256564762130954,0,0,0,0,0,0.2,1
19,11,0,0,2,0,0,2,0,0,0,0,0,0,3,3,3,1,0,0,0,0,1,3.4316235658474303,0,0,0,0,0,0.2631578947368421,0
131,15,64,43,2,0,1,6,1,3,0,2,0,16,6,4,3,1,4,3,0,0,1,5.242117274316657,0,0,0,0,0,0.13740458015267176,1
190,15,108,58,3,3,3,7,1,4,0,3,0,18,6,4,3,1,5,4,0,0,1,5.567812682691698,0,0,0,0,0,0.14736842105263157,1
29,20,1,0,2,0,0,3,0,0,0,0,0,4,8,7,3,1,0,0,0,0,1,3.8573068568981284,0,0,0,0,0,0.20689655172413793,1
24,16,0,0,2,0,0,2,0,0,0,0,0,0,6,5,3,1,0,0,0,0,1,3.9701755214643453,0,0,0,0,0,0.20833333333333334,0
20,12,0,0,2,0,0,2,0,0,0,0,0,0,4,3,3,1,0,0,0,0,1,3.546439344671015,0,0,0,0,0,0.25,0
175,15,108,43,2,3,1,7,1,3,0,2,0,15,6,4,3,1,5,3,0,0,1,5.5433548644638675,0,0,0,0,0,0.12571428571428572,1
23,15,0,0,2,0,0,2,0,0,0,0,0,0,7,3,3,1,0,0,0,0,1,3.8820451081368628,0,0,0,0,0,0.21739130434782608,0
21,6,7,0,1,1,0,3,0,0,0,0,0,0,3,0,2,0,1,0,0,0,1,3.8442328987631913,0,0,0,0,0,0.2857142857142857,1
18,10,0,0,1,0,0,2,0,0,0,0,0,0,6,0,3,0,0,0,0,0,1,3.7254805569978675,0,0,0,0,0,0.2222222222222222,0
175,15,108,43,2,2,0,7,1,3,0,2,0,17,6,4,3,1,5,3,0,0,1,5.545513701292126,0,0,0,0,0,0.11428571428571428,1
39,31,0,0,2,0,0,2,0,0,0,0,0,2,11,15,3,1,0,0,0,0,1,4.3361829878711236,0,0,0,0,0,0.1282051282051282,1
37,28,1,0,2,0,0,3,0,0,0,0,0,0,6,17,3,1,0,0,0,0,1,4.100816878908576,0,0,0,0,0,0.16216216216216217,1
112,28,46,30,4,3,0,6,1,1,0,0,0,5,9,11,6,1,4,1,0,0,0,4.912764940488595,0,0,0,0,0,0.14285714285714285,1
22,7,7,0,1,0,0,3,0,0,0,0,0,0,4,0,2,0,1,0,0,0,1,4.152391277629865,0,0,0,0,0,0.22727272727272727,1
48,39,1,0,2,2,0,3,0,0,0,0,0,6,6,28,3,1,0,0,0,0,1,4.3949746782469115,0,0,0,0,0,0.16666666666666666,1
178,15,108,46,3,2,1,7,1,4,0,3,0,15,6,4,3,1,5,4,0,0,1,5.543031835841682,0,0,0,0,0,0.12359550561797752,1
74,15,51,0,2,1,3,5,0,0,0,0,0,4,7,3,3,1,3,0,0,0,1,5.01346021070979,0,0,0,0,0,0.16216216216216217,1
26,17,1,0,2,0,0,3,0,0,0,0,0,4,3,9,3,1,0,0,0,0,1,4.103909910282363,0,0,0,0,0,0.23076923076923078,1
23,15,0,0,2,0,0,2,0,0,0,0,0,0,5,5,3,1,0,0,0,0,1,3.8820451081368628,1,0,0,0,0,0.21739130434782608,0
175,15,108,43,2,4,0,7,1,3,0,2,0,14,6,4,3,1,5,3,0,0,1,5.5561716619695085,0,0,0,0,0,0.12571428571428572,1
32,24,0,0,2,0,0,2,0,0,0,0,0,0,9,10,3,1,0,0,0,0,1,3.9292292966721747,0,0,0,0,0,0.15625,0
37,25,1,3,3,0,0,3,1,1,0,0,0,1,2,19,2,2,0,1,0,0,0,4.296630730201456,0,0,0,0,0,0.24324324324324326,1
20,12,0,0,2,0,0,2,0,0,0,0,0,0,4,3,3,1,0,0,0,0,1,3.3464393446710154,0,0,0,0,0,0.25,0
24,16,0,0,2,0,0,2,0,0,0,0,0,0,8,3,3,1,0,0,0,0,1,3.6887218755408675,0,0,0,0,0,0.20833333333333334,0
19,11,0,0,1,0,0,2,0,0,0,0,0,0,7,0,3,0,0,0,0,0,1,3.6818808028034016,0,0,0,0,0,0.21052631578947367,0
39,15,16,0,2,0,0,3,0,0,0,0,0,15,7,3,3,1,1,0,0,0,1,4.172989962830091,0,0,0,0,0,0.15384615384615385,1
16,8,0,0,1,0,0,2,0,0,0,0,0,0,4,0,3,0,0,0,0,0,1,3.452819531114783,0,0,0,0,0,0.25,0
19,11,0,0,1,0,0,2,0,0,0,0,0,0,7,0,3,0,0,0,0,0,1,3.616348566075163,0,0,0,0,0,0.21052631578947367,0
20,12,0,0,2,0,0,2,0,0,0,0,0,0,4,3,3,1,0,0,0,0,1,3.7841837197791888,0,0,0,0,0,0.25,0
19,11,0,0,1,0,0,2,0,0,0,0,0,0,7,0,3,0,0,0,0,0,1,3.8268748818646365,0,0,0,0,0,0.21052631578947367,0
25,17,0,0,2,0,0,2,0,0,0,0,0,0,9,3,3,1,0,0,0,0,1,3.863465189601647,0,0,0,0,0,0.2,0
29,21,0,0,2,0,0,2,0,0,0,0,0,0,6,10,3,1,0,0,0,0,1,4.0472990984266435,0,0,0,0,0,0.1724137931034483,0
15,7,0,0,1,0,0,2,0,0,0,0,0,0,3,0,3,0,0,0,0,0,1,3.3232314287976203,0,0,0,0,0,0.26666666666666666,0
23,8,7,0,2,0,0,3,0,0,0,0,0,0,3,1,2,1,1,0,0,0,1,4.0559581516151235,0,0,0,0,0,0.2608695652173913,1
24,16,0,0,2,0,0,2,0,0,0,0,0,0,8,3,3,1,0,0,0,0,1,3.855388542207534,0,0,0,0,0,0.20833333333333334,0
19,11,0,0,1,0,0,2,0,0,0,0,0,0,7,0,3,0,0,0,0,0,1,3.5368867237421666,0,0,0,0,0,0.21052631578947367,0
35,26,1,0,2,2,0,3,0,0,0,0,0,0,6,15,3,1,0,0,0,0,1,3.957295873840569,0,0,0,0,0,0.22857142857142856,1
22,14,0,0,2,0,0,2,0,0,0,0,0,0,6,3,3,1,0,0,0,0,1,3.5726236638951634,0,0,0,0,0,0.22727272727272727,0
33,11,14,0,1,0,0,3,0,0,0,0,0,0,7,0,3,0,1,0,0,0,1,3.8997141947882312,0,0,0,0,0,0.15151515151515152,1
25,17,0,0,2,0,0,2,0,0,0,0,0,0,9,3,3,1,0,0,0,0,1,3.8634651896016465,0,0,0,0,0,0.2,0
32,23,1,0,2,0,0,3,0,0,0,0,0,0,3,15,3,1,0,0,0,0,1,3.7181390622295662,0,0,0,0,0,0.1875,1
37,28,1,0,2,0,0,3,0,0,0,0,0,2,11,12,3,1,0,0,0,0,1,4.100816878908575,0,0,0,0,0,0.16216216216216217,1
20,12,0,0,2,0,0,2,0,0,0,0,0,0,4,3,3,1,0,0,0,0,1,3.646439344671015,0,0,0,0,0,0.25,0
25,17,0,0,2,0,0,2,0,0,0,0,0,0,9,3,3,1,0,0,0,0,1,3.863465189601646,0,0,0,0,0,0.2,0
19,11,0,0,2,0,0,2,0,0,0,0,0,0,3,3,3,1,0,0,0,0,1,3.471354487013929,0,0,0,0,0,0.2631578947368421,0
21,6,7,0,1,1,0,3,0,0,0,0,0,0,3,0,2,0,1,0,0,0,1,3.939470994001286,0,0,0,0,0,0.2857142857142857,1
18,10,0,0,1,0,0,2,0,0,0,0,0,0,6,0,3,0,0,0,0,0,1,3.503258334775645,0,0,0,0,0,0.2222222222222222,0
19,11,0,0,1,0,0,2,0,0,0,0,0,0,7,0,3,0,0,0,0,0,1,3.681880802803402,0,0,0,0,0,0.21052631578947367,0
27,18,1,0,2,0,0,3,0,0,0,0,0,0,7,6,3,1,0,0,0,0,1,3.9121138909722295,0,0,0,0,0,0.2222222222222222,1
21,13,0,0,2,0,0,2,0,0,0,0,0,0,5,3,3,1,0,0,0,0,1,3.4039894464852614,0,0,0,0,0,0.23809523809523808,0
20,12,0,0,2,0,0,2,0,0,0,0,0,0,4,3,3,1,0,0,0,0,1,3.7841837197791888,0,0,0,0,0,0.25,0
40,31,1,0,2,2,0,3,0,0,0,0,0,1,11,15,3,1,0,0,0,0,1,4.265311532225102,0,0,0,0,0,0.2,1
17,9,0,0,1,0,0,2,0,0,0,0,0,0,5,0,3,0,0,0,0,0,1,3.572469458770136,0,0,0,0,0,0.23529411764705882,0
175,15,108,43,2,1,1,7,1,3,0,2,0,20,6,4,3,1,5,3,0,0,1,5.607465041314573,0,0,0,0,0,0.11428571428571428,1
19,11,0,0,1,0,0,2,0,0,0,0,0,0,7,0,3,0,0,0,0,0,1,3.4713544870139277,0,0,0,0,0,0.21052631578947367,0
51,21,22,0,3,0,0,4,0,0,0,0,0,1,5,11,3,2,2,0,0,0,1,4.522012901519398,0,0,0,0,0,0.1568627450980392,1
34,25,1,0,2,0,0,3,0,0,0,0,0,0,6,14,3,1,0,0,0,0,1,3.9842341646524884,0,0,0,0,0,0.17647058823529413,1
19,11,0,0,2,0,0,2,0,0,0,0,0,0,3,3,3,1,0,0,0,0,1,3.5110854081804264,0,0,0,0,0,0.2631578947368421,0
22,14,0,0,2,0,0,2,0,0,0,0,0,0,6,3,3,1,0,0,0,0,1,3.7544418457133446,0,0,0,0,0,0.22727272727272727,0
175,15,108,43,2,2,1,7,1,3,0,2,0,19,6,4,3,1,5,3,0,0,1,5.539208541019209,0,0,0,0,0,0.12,1
27,18,1,0,2,1,0,3,0,0,0,0,0,2,3,10,3,1,0,0,0,0,1,3.930270372293455,0,0,0,0,0,0.25925925925925924,1
23,8,7,0,2,0,0,3,0,0,0,0,0,1,3,1,2,1,1,0,0,0,1,4.0559581516151235,0,0,0,0,0,0.2608695652173913,1
44,35,1,0,2,1,0,3,0,0,0,0,0,0,11,19,3,1,0,0,0,0,1,4.24615711897243,0,0,0,0,0,0.1590909090909091,1
16,8,0,0,1,0,0,2,0,0,0,0,0,0,4,0,3,0,0,0,0,0,1,3.452819531114783,0,0,0,0,0,0.25,0
26,18,0,0,2,0,0,2,0,0,0,0,0,0,6,7,3,1,0,0,0,0,1,3.767183467891461,0,0,0,0,0,0.19230769230769232,0
17,9,0,0,1,0,0,2,0,0,0,0,0,0,6,0,2,0,0,0,0,0,1,3.1692486956952335,0,0,0,0,0,0.23529411764705882,0
22,7,7,0,1,0,0,3,0,0,0,0,0,2,4,0,2,0,1,0,0,0,1,3.970573095811684,0,0,0,0,0,0.22727272727272727,1
19,11,0,0,2,0,0,2,0,0,0,0,0,0,3,3,3,1,0,0,0,0,1,3.471354487013929,0,0,0,0,0,0.2631578947368421,0
20,12,0,0,1,0,0,2,0,0,0,0,0,0,8,0,3,0,0,0,0,0,1,3.721928094887362,0,0,0,0,0,0.2,0
17,9,0,0,1,0,0,2,0,0,0,0,0,0,5,0,3,0,0,0,0,0,1,3.381580488309164,0,0,0,0,0,0.23529411764705882,0
26,18,0,0,2,0,0,2,0,0,0,0,0,0,9,4,3,1,0,0,0,0,1,3.613337314045307,0,0,0,0,0,0.19230769230769232,0
20,12,0,0,1,0,0,2,0,0,0,0,0,0,8,0,3,0,0,0,0,0,1,3.7841837197791888,0,0,0,0,0,0.2,0
16,8,0,0,1,0,0,2,0,0,0,0,0,0,4,0,3,0,0,0,0,0,1,3.202819531114783,0,0,0,0,0,0.25,0
19,11,0,0,2,0,0,2,0,0,0,0,0,0,3,3,3,1,0,0,0,0,1,3.6818808028034016,0,0,0,0,0,0.2631578947368421,0
26,18,0,0,2,0,0,2,0,0,0,0,0,0,10,3,3,1,0,0,0,0,1,3.8441065448145375,0,0,0,0,0,0.19230769230769232,0
20,12,0,0,2,0,0,2,0,0,0,0,0,0,4,3,3,1,0,0,0,0,1,3.4841837197791885,0,0,0,0,0,0.25,0
26,18,0,0,2,0,0,2,0,0,0,0,0,0,8,5,3,1,0,0,0,0,1,3.8252517372886508,0,0,0,0,0,0.19230769230769232,0
24,16,0,0,2,0,0,2,0,0,0,0,0,0,6,5,3,1,0,0,0,0,1,3.886842188131012,1,0,0,0,0,0.20833333333333334,0
20,12,0,0,2,0,0,2,0,0,0,0,0,0,4,3,3,1,0,0,0,0,1,3.646439344671015,0,0,0,0,0,0.25,0
83,74,1,0,3,0,0,3,0,0,0,0,0,13,4,64,4,2,0,0,0,0,1,4.766328064206301,0,0,0,0,0,0.08433734939759036,1
26,17,1,0,2,0,0,3,0,0,0,0,0,5,3,9,3,1,0,0,0,0,1,4.103909910282363,0,0,0,0,0,0.23076923076923078,1
24,16,0,0,2,0,0,2,0,0,0,0,0,0,8,3,3,1,0,0,0,0,1,3.8553885422075345,0,0,0,0,0,0.20833333333333334,0
190,15,108,58,3,3,1,7,1,4,0,3,0,14,6,4,3,1,5,4,0,0,1,5.58112578843988,0,0,0,0,0,0.1368421052631579,1
17,9,0,0,1,0,0,2,0,0,0,0,0,0,5,0,3,0,0,0,0,0,1,3.6168746059562227,0,0,0,0,0,0.23529411764705882,0
63,24,23,0,5,0,0,4,0,0,1,0,0,0,6,13,3,2,2,0,0,0,1,4.2543380593096884,0,0,0,0,0,0.19047619047619047,1
24,16,0,0,2,0,0,2,0,0,0,0,0,0,8,3,3,1,0,0,0,0,1,3.8035088547976788,0,0,0,0,0,0.20833333333333334,0
21,6,7,0,1,1,0,3,0,0,0,0,0,0,3,0,2,0,1,0,0,0,1,3.7489948035250964,0,0,0,0,0,0.2857142857142857,1
18,10,0,0,1,0,0,2,0,0,0,0,0,0,6,0,3,0,0,0,0,0,1,3.5724312513221195,0,0,0,0,0,0.2222222222222222,0
16,8,0,0,1,0,0,2,0,0,0,0,0,0,4,0,3,0,0,0,0,0,1,3.452819531114783,0,0,0,0,0,0.25,0
23,15,0,0,2,0,0,2,0,0,0,0,0,0,7,3,3,1,0,0,0,0,1,3.708132064658602,0,0,0,0,0,0.21739130434782608,0
26,18,0,0,2,0,0,2,0,0,0,0,0,0,9,4,3,1,0,0,0,0,1,3.661226256269789,0,0,0,0,0,0.19230769230769232,0
23,15,0,0,2,0,0,2,0,0,0,0,0,0,7,3,3,1,0,0,0,0,1,3.708132064658602,0,0,0,0,0,0.21739130434782608,0
92,23,47,13,2,4,0,4,1,1,0,0,0,26,6,12,3,1,2,1,0,0,1,4.716193141113153,0,0,0,0,0,0.14130434782608695,1
26,18,0,0,2,0,0,2,0,0,0,0,0,0,6,7,3,1,0,0,0,0,1,3.7962176025900556,1,0,0,0,0,0.19230769230769232,0
28,19,1,0,2,0,0,3,0,0,0,0,0,0,3,11,3,1,0,0,0,0,1,3.7979026896829473,0,0,0,0,0,0.21428571428571427,1
22,14,0,0,2,0,0,2,0,0,0,0,0,0,6,3,3,1,0,0,0,0,1,3.7887549139935026,0,0,0,0,0,0.22727272727272727,0
23,15,0,0,2,0,0,2,0,0,0,0,0,0,5,5,3,1,0,0,0,0,1,3.9690016298759936,0,0,0,0,0,0.21739130434782608,0
21,13,0,0,2,0,0,2,0,0,0,0,0,0,5,3,3,1,0,0,0,0,1,3.5585186130489057,0,0,0,0,0,0.23809523809523808,0
15,7,0,0,1,0,0,2,0,0,0,0,0,0,3,0,3,0,0,0,0,0,1,3.3735572622751855,0,0,0,0,0,0.26666666666666666,0
19,11,0,0,1,0,0,2,0,0,0,0,0,0,7,0,3,0,0,0,0,0,1,3.616348566075163,0,0,0,0,0,0.21052631578947367,0
21,6,7,0,1,1,0,3,0,0,0,0,0,0,3,0,2,0,1,0,0,0,1,3.7489948035250964,0,0,0,0,0,0.2857142857142857,1
62,43,11,0,3,1,0,3,0,0,0,0,0,24,2,36,3,1,1,0,0,0,1,4.649456746038791,0,0,0,0,0,0.12903225806451613,1
22,7,7,0,1,0,0,3,0,0,0,0,0,0,4,0,2,0,1,0,0,0,1,4.061482186720774,0,0,0,0,0,0.22727272727272727,1
19,11,0,0,1,0,0,2,0,0,0,0,0,0,7,0,3,0,0,0,0,0,1,3.5316306463679625,0,0,0,0,0,0.21052631578947367,0
48,39,1,0,2,4,0,3,0,0,0,0,0,4,7,28,2,1,0,0,0,0,1,4.316340563438216,0,0,0,0,0,0.20833333333333334,1
47,28,1,0,2,0,0,3,1,1,0,0,0,1,5,18,3,1,0,0,0,0,1,4.400021564305502,0,0,0,0,0,0.19148936170212766,1
22,14,0,0,2,0,0,2,0,0,0,0,0,0,6,3,3,1,0,0,0,0,1,3.663532754804254,0,0,0,0,0,0.22727272727272727,0
15,7,0,0,1,0,0,2,0,0,0,0,0,0,3,0,3,0,0,0,0,0,1,3.3232314287976203,0,0,0,0,0,0.26666666666666666,0
27,19,0,0,2,0,0,2,0,0,0,0,0,0,6,8,3,1,0,0,0,0,1,3.986187965046304,0,0,0,0,0,0.18518518518518517,0
23,15,0,0,2,0,0,2,0,0,0,0,0,0,6,4,3,1,0,0,0,0,1,3.6539967386657093,0,0,0,0,0,0.21739130434782608,0
20,12,0,0,1,0,0,2,0,0,0,0,0,0,8,0,3,0,0,0,0,0,1,3.446439344671015,0,0,0,0,0,0.2,0
24,16,0,0,2,0,0,2,0,0,0,0,0,0,8,3,3,1,0,0,0,0,1,3.938721875540868,0,0,0,0,0,0.20833333333333334,0
23,15,0,0,2,0,0,2,0,0,0,0,0,0,7,3,3,1,0,0,0,0,1,3.6753108689123644,0,0,0,0,0,0.21739130434782608,0
175,15,108,43,2,4,1,7,1,3,0,2,0,22,6,4,3,1,5,3,0,0,1,5.6131681821850465,0,0,0,0,0,0.13142857142857142,1
19,11,0,0,1,0,0,2,0,0,0,0,0,0,7,0,3,0,0,0,0,0,1,3.826874881864637,0,0,0,0,0,0.21052631578947367,0
23,15,0,0,2,0,0,2,0,0,0,0,0,0,7,3,3,1,0,0,0,0,1,3.708132064658602,0,0,0,0,0,0.21739130434782608,0
37,10,19,0,1,0,0,7,0,1,0,0,0,1,7,0,2,0,4,0,0,0,1,3.826716623501108,0,0,0,0,0,0.2702702702702703,1
22,14,0,0,2,0,0,2,0,0,0,0,0,0,5,4,3,1,0,0,0,0,1,3.788754913993502,0,0,0,0,0,0.22727272727272727,0
47,11,9,18,1,0,0,3,1,3,0,0,0,2,7,0,3,0,1,1,0,0,1,4.878536989745355,0,0,0,0,1,0.19148936170212766,1
23,8,7,0,2,0,0,3,0,0,0,0,0,1,3,1,2,1,1,0,0,0,1,4.0559581516151235,0,0,0,0,0,0.2608695652173913,1
35,27,1,0,2,0,0,3,0,0,0,0,0,0,5,17,3,1,0,0,0,0,0,3.679143374026009,0,0,0,0,0,0.17142857142857143,1
22,6,8,0,1,0,0,3,0,0,0,0,0,3,3,0,2,0,1,0,0,0,1,3.936260027531526,0,0,0,0,0,0.22727272727272727,1
42,16,18,0,2,0,0,5,0,0,0,0,0,0,6,5,3,1,2,0,0,0,1,3.966738780375731,0,0,0,0,0,0.19047619047619047,1
25,17,0,0,2,0,0,2,0,0,0,0,0,0,9,3,3,1,0,0,0,0,1,3.813660689688185,0,0,0,0,0,0.2,0
28,19,1,0,2,0,0,3,0,0,0,0,0,0,6,8,3,1,0,0,0,0,1,4.03914867190307,0,0,0,0,0,0.21428571428571427,1
25,17,0,0,2,0,0,2,0,0,0,0,0,0,9,3,3,1,0,0,0,0,1,4.023465189601645,0,0,0,0,0,0.2,0
20,12,0,0,2,0,0,2,0,0,0,0,0,0,4,3,3,1,0,0,0,0,1,3.546439344671015,0,0,0,0,0,0.25,0
37,28,1,0,2,2,0,3,0,0,0,0,0,0,6,17,3,1,0,0,0,0,1,4.229327351940021,1,0,0,0,0,0.21621621621621623,1
84,15,61,0,2,2,1,6,0,0,0,0,0,9,6,4,3,1,4,0,0,0,1,5.139241458895649,0,0,0,0,0,0.14285714285714285,1
35,26,1,0,2,0,0,3,0,0,0,0,0,0,6,15,3,1,0,0,0,0,1,4.185867302411998,1,0,0,0,0,0.17142857142857143,1
16,8,0,0,1,0,0,2,0,0,0,0,0,0,4,0,3,0,0,0,0,0,1,3.5,0,0,0,0,0,0.25,0
22,6,8,0,1,0,0,3,0,0,0,0,0,1,3,0,2,0,1,0,0,0,1,4.027169118440616,0,0,0,0,0,0.22727272727272727,1
16,8,0,0,1,0,0,2,0,0,0,0,0,0,4,0,3,0,0,0,0,0,1,3.452819531114783,0,0,0,0,0,0.25,0
16,8,0,0,1,0,0,2,0,0,0,0,0,0,4,0,3,0,0,0,0,0,1,3.375,0,0,0,0,0,0.25,0
34,25,1,0,2,1,0,3,0,0,0,0,0,0,4,17,2,1,0,0,0,0,1,4.0323362829877745,0,0,0,0,0,0.20588235294117646,1
39,30,1,0,2,2,0,3,0,0,0,0,0,6,6,19,3,1,0,0,0,0,1,4.406821128952238,0,0,0,0,0,0.20512820512820512,1
20,12,0,0,2,0,0,2,0,0,0,0,0,0,4,3,3,1,0,0,0,0,1,3.4841837197791885,0,0,0,0,0,0.25,0
20,12,0,0,2,0,0,2,0,0,0,0,0,0,4,3,3,1,0,0,0,0,1,3.5841837197791886,0,0,0,0,0,0.25,0
24,8,8,0,1,0,0,3,0,0,0,0,0,2,5,0,2,0,1,0,0,0,1,3.990601562950723,0,0,0,0,0,0.20833333333333334,1
19,11,0,0,1,0,0,2,0,0,0,0,0,0,7,0,3,0,0,0,0,0,1,3.681880802803402,0,0,0,0,0,0.21052631578947367,0
23,15,0,0,2,0,0,2,0,0,0,0,0,0,7,3,3,1,0,0,0,0,1,3.6753108689123644,0,0,0,0,0,0.21739130434782608,0
21,6,7,0,1,1,0,3,0,0,0,0,0,0,3,0,2,0,1,0,0,0,1,3.689703732199547,0,0,0,0,0,0.2857142857142857,1
83,74,1,0,3,0,0,3,0,0,0,0,0,8,4,64,4,2,0,0,0,0,1,4.707525841058876,0,0,0,0,0,0.08433734939759036,1
49,27,14,0,1,1,0,5,0,0,0,0,0,1,19,0,7,0,3,0,0,0,1,4.066781855707773,0,0,0,0,0,0.16326530612244897,1
38,30,0,0,2,2,0,2,0,0,0,0,0,1,7,19,2,1,0,0,0,0,1,4.050301855434981,0,0,0,0,0,0.18421052631578946,1
25,17,0,0,2,0,0,2,0,0,0,0,0,0,9,3,3,1,0,0,0,0,1,3.673269689515108,0,0,0,0,0,0.2,0
54,26,20,0,2,1,0,5,0,0,0,0,0,5,7,14,3,1,3,0,0,0,1,4.363490689019632,0,0,0,0,0,0.16666666666666666,1
28,11,9,0,1,0,0,3,0,0,0,0,0,5,7,0,3,0,1,0,0,0,1,4.253434386188786,0,0,0,0,1,0.17857142857142858,1
24,16,0,0,2,0,0,2,0,0,0,0,0,0,8,3,3,1,0,0,0,0,1,3.8035088547976788,0,0,0,0,0,0.20833333333333334,0
120,15,48,49,3,1,0,6,1,1,0,0,0,8,6,5,2,1,4,1,0,0,0,5.1250005456379375,0,0,0,0,0,0.10833333333333334,1
17,9,0,0,1,0,0,2,0,0,0,0,0,0,5,0,3,0,0,0,0,0,1,3.6168746059562227,0,0,0,0,0,0.23529411764705882,0
131,15,108,0,2,3,2,7,0,0,0,0,0,14,6,4,3,1,5,0,0,0,1,5.652431662449023,0,0,0,0,0,0.11450381679389313,1
22,7,7,0,1,0,0,3,0,0,0,0,0,2,4,0,2,0,1,0,0,0,1,4.152391277629865,0,0,0,0,0,0.22727272727272727,1
23,15,0,0,2,0,0,2,0,0,0,0,0,0,5,5,3,1,0,0,0,0,1,3.7950885863977324,0,0,0,0,0,0.21739130434782608,0
19,11,0,0,2,0,0,2,0,0,0,0,0,0,3,3,3,1,0,0,0,0,1,3.5766176449086653,0,0,0,0,0,0.2631578947368421,0
19,11,0,0,2,0,0,2,0,0,0,0,0,0,4,3,2,1,0,0,0,0,1,3.471354487013929,0,0,0,0,0,0.2631578947368421,0
42,33,1,0,2,2,0,3,0,0,0,0,0,12,10,18,3,1,0,0,0,0,1,4.433634982148036,0,0,0,0,0,0.19047619047619047,1
23,15,0,0,2,0,0,2,0,0,0,0,0,0,7,3,3,1,0,0,0,0,1,3.882045108136863,0,0,0,0,0,0.21739130434782608,0
21,6,7,0,1,1,0,3,0,0,0,0,0,0,3,0,2,0,1,0,0,0,1,3.939470994001286,0,0,0,0,0,0.2857142857142857,1
16,8,0,0,1,0,0,2,0,0,0,0,0,0,4,0,3,0,0,0,0,0,1,3.452819531114783,0,0,0,0,0,0.25,0
19,11,0,0,1,0,0,2,0,0,0,0,0,0,7,0,3,0,0,0,0,0,1,3.366091329119192,0,0,0,0,0,0.21052631578947367,0
30,22,0,0,2,0,0,2,0,0,0,0,0,0,14,3,3,1,0,0,0,0,1,3.7232314287976207,0,0,0,0,0,0.16666666666666666,0
20,12,0,0,2,0,0,2,0,0,0,0,0,0,4,3,3,1,0,0,0,0,1,3.7841837197791888,0,0,0,0,0,0.25,0
27,18,1,0,2,0,0,3,0,0,0,0,0,3,7,6,3,1,0,0,0,0,1,4.106377316818027,0,0,0,0,0,0.2222222222222222,1
175,15,108,43,2,1,2,7,1,3,0,2,0,18,6,4,3,1,5,3,0,0,1,5.617736613298125,0,0,0,0,0,0.12,1
175,15,108,43,2,1,1,7,1,3,0,2,0,22,6,4,3,1,5,3,0,0,1,5.539448592785721,0,0,0,0,0,0.11428571428571428,1
25,17,0,0,2,0,0,2,0,0,0,0,0,0,8,4,3,1,0,0,0,0,1,3.813660689688185,0,0,0,0,0,0.2,0
20,12,0,0,2,0,0,2,0,0,0,0,0,0,4,3,3,1,0,0,0,0,1,3.4841837197791885,0,0,0,0,0,0.25,0
46,16,22,0,2,0,0,5,0,0,0,0,0,5,6,5,3,1,3,0,0,0,1,4.134990152123812,0,0,0,0,0,0.17391304347826086,1
28,20,0,0,2,0,0,2,0,0,0,0,0,0,8,7,3,1,0,0,0,0,1,3.8518232255517657,1,0,0,0,0,0.17857142857142858,0
25,17,0,0,2,0,0,2,0,0,0,0,0,0,9,3,3,1,0,0,0,0,1,3.653660689688185,0,0,0,0,0,0.2,0
23,15,0,0,2,0,0,2,0,0,0,0,0,0,6,4,3,1,0,0,0,0,1,3.7950885863977324,0,0,0,0,0,0.21739130434782608,0
23,8,7,0,2,0,0,3,0,0,0,0,0,0,3,1,2,1,1,0,0,0,1,3.849223912390625,0,0,0,0,0,0.2608695652173913,1
17,9,0,0,1,0,0,2,0,0,0,0,0,0,5,0,3,0,0,0,0,0,1,3.4548223999466066,0,0,0,0,0,0.23529411764705882,0
43,34,1,0,2,0,0,3,0,0,0,0,0,0,3,26,3,1,0,0,0,0,1,4.158140917190916,0,0,0,0,0,0.13953488372093023,1
30,21,1,0,2,1,0,3,0,0,0,0,0,0,3,13,3,1,0,0,0,0,1,4.164735178725506,0,0,0,0,0,0.23333333333333334,1
17,9,0,0,1,0,0,2,0,0,0,0,0,0,5,0,3,0,0,0,0,0,1,3.6901165175936654,0,0,0,0,0,0.23529411764705882,0
17,9,0,0,1,0,0,2,0,0,0,0,0,0,5,0,3,0,0,0,0,0,1,3.6168746059562227,0,0,0,0,0,0.23529411764705882,0
26,17,1,0,2,0,0,3,0,0,0,0,0,0,3,9,3,1,0,0,0,0,1,3.8441065448145375,0,0,0,0,0,0.23076923076923078,1
20,5,7,0,1,0,0,3,0,0,0,0,0,1,2,0,2,0,1,0,0,0,1,3.746439344671015,0,0,0,0,0,0.25,1
30,21,1,0,2,0,0,3,0,0,0,0,0,0,3,13,3,1,0,0,0,0,1,3.6029100796497273,0,0,0,0,0,0.2,1
19,11,0,0,1,0,0,2,0,0,0,0,0,0,7,0,3,0,0,0,0,0,1,3.5766176449086653,0,0,0,0,0,0.21052631578947367,0
15,7,0,0,1,0,0,2,0,0,0,0,0,0,3,0,3,0,0,0,0,0,1,3.1395722619867223,0,0,0,0,0,0.26666666666666666,0
30,21,1,0,2,0,0,3,0,0,0,0,0,0,6,10,3,1,0,0,0,0,1,4.148394345536403,0,0,0,0,0,0.2,1
23,15,0,0,2,0,0,2,0,0,0,0,0,0,7,3,3,1,0,0,0,0,1,3.7622673906514943,0,0,0,0,0,0.21739130434782608,0
23,4,11,0,1,0,0,3,0,0,0,0,0,4,1,0,2,0,1,0,0,0,1,3.8820451081368628,0,0,0,0,0,0.21739130434782608,1
27,18,1,0,1,1,0,3,0,0,0,0,0,0,14,0,3,0,0,0,0,0,1,3.7821222241453065,0,0,0,0,0,0.2222222222222222,1
35,26,1,0,2,1,0,3,0,0,0,0,0,0,11,10,3,1,0,0,0,0,1,3.954442574694572,0,0,0,0,0,0.2,1
23,15,0,0,2,0,0,2,0,0,0,0,0,0,6,4,3,1,0,0,0,0,1,3.7622673906514947,0,0,0,0,0,0.21739130434782608,0
45,16,21,0,2,1,0,5,0,0,0,0,0,2,6,5,3,1,3,0,0,0,1,4.036654352877141,0,0,0,0,0,0.2,1
20,12,0,0,2,0,0,2,0,0,0,0,0,0,4,3,3,1,0,0,0,0,1,3.3841837197791884,0,0,0,0,0,0.25,0
28,19,1,0,2,0,0,3,0,0,0,0,0,0,6,8,3,1,0,0,0,0,1,3.8518232255517653,0,0,0,0,0,0.21428571428571427,1
190,15,108,58,3,2,2,7,1,4,0,3,0,20,6,4,3,1,5,4,0,0,1,5.5702633023563655,0,0,0,0,0,0.1368421052631579,1
173,15,108,41,2,1,3,7,1,3,0,2,0,16,6,4,3,1,5,3,0,0,1,5.638931335494488,0,0,0,0,0,0.12716763005780346,1
23,15,0,0,2,0,0,2,0,0,0,0,0,0,7,3,3,1,0,0,0,0,1,3.849223912390625,0,0,0,0,0,0.21739130434782608,0
35,9,18,0,1,0,0,3,0,0,0,0,0,6,5,0,3,0,1,0,0,0,1,4.436006945330954,0,0,0,0,0,0.14285714285714285,1
65,43,14,0,3,1,0,3,0,0,0,0,0,21,2,36,3,1,1,0,0,0,1,4.5235496899121195,0,0,0,0,0,0.12307692307692308,1
47,38,1,0,2,2,0,3,0,0,0,0,0,6,6,27,3,1,0,0,0,0,1,4.596726085536066,0,0,0,0,0,0.1702127659574468,1
26,18,0,0,2,0,0,2,0,0,0,0,0,0,5,8,3,1,0,0,0,0,1,3.8731406795131327,0,0,0,0,0,0.19230769230769232,0
21,13,0,0,1,0,0,2,0,0,0,0,0,0,9,0,3,0,0,0,0,0,1,3.653756708287001,0,0,0,0,0,0.19047619047619047,0
25,17,0,0,2,0,0,2,0,0,0,0,0,0,8,4,3,1,0,0,0,0,1,3.973660689688185,0,0,0,0,0,0.2,0
18,10,0,0,1,0,0,2,0,0,0,0,0,0,6,0,3,0,0,0,0,0,1,3.7254805569978675,0,0,0,0,0,0.2222222222222222,0
23,15,0,0,2,0,0,2,0,0,0,0,0,0,5,5,3,1,0,0,0,0,1,3.6753108689123644,0,0,0,0,0,0.21739130434782608,0
15,7,0,0,1,0,0,2,0,0,0,0,0,0,3,0,3,0,0,0,0,0,1,3.5068905956085183,0,0,0,0,0,0.26666666666666666,0
26,18,0,0,2,0,0,2,0,0,0,0,0,0,9,4,3,1,0,0,0,0,1,3.767183467891461,0,0,0,0,0,0.19230769230769232,0
23,15,0,0,1,0,0,2,0,0,0,0,0,0,11,0,3,0,0,0,0,0,1,3.7950885863977324,0,0,0,0,0,0.17391304347826086,0
22,4,10,0,1,0,0,3,0,0,0,0,0,3,1,0,2,0,1,0,0,0,1,3.606936732175321,0,0,0,0,0,0.22727272727272727,1
20,12,0,0,2,0,0,2,0,0,0,0,0,0,4,3,3,1,0,0,0,0,1,3.3841837197791884,0,0,0,0,0,0.25,0
22,14,0,0,2,0,0,2,0,0,0,0,0,0,6,3,3,1,0,0,0,0,1,3.7887549139935026,0,0,0,0,0,0.22727272727272727,0
22,14,0,0,2,0,0,2,0,0,0,0,0,0,6,3,3,1,0,0,0,0,1,3.7544418457133446,0,0,0,0,0,0.22727272727272727,0
21,6,7,0,1,1,0,3,0,0,0,0,0,1,3,0,2,0,1,0,0,0,1,3.939470994001286,0,0,0,0,0,0.2857142857142857,1
23,15,0,0,2,0,0,2,0,0,0,0,0,0,7,3,3,1,0,0,0,0,1,3.7622673906514947,0,0,0,0,0,0.21739130434782608,0
16,8,0,0,1,0,0,2,0,0,0,0,0,0,4,0,3,0,0,0,0,0,1,3.75,0,0,0,0,0,0.25,0
16,8,0,0,1,0,0,2,0,0,0,0,0,0,4,0,3,0,0,0,0,0,1,3.625,0,0,0,0,0,0.25,0
15,7,0,0,1,0,0,2,0,0,0,0,0,0,3,0,3,0,0,0,0,0,1,3.3232314287976203,0,0,0,0,0,0.26666666666666666,0
15,7,0,0,1,0,0,2,0,0,0,0,0,0,3,0,3,0,0,0,0,0,1,3.323231428797621,0,0,0,0,0,0.26666666666666666,0
175,15,108,43,2,2,3,7,1,3,0,2,0,18,6,4,3,1,5,3,0,0,1,5.549660024736783,0,0,0,0,0,0.13142857142857142,1
22,14,0,0,1,0,0,2,0,0,0,0,0,0,10,0,3,0,0,0,0,0,1,4.004886164091842,0,0,0,0,0,0.18181818181818182,0
26,18,0,0,2,0,0,2,0,0,0,0,0,0,10,3,3,1,0,0,0,0,1,3.9312089489103226,0,0,0,0,0,0.19230769230769232,0
16,8,0,0,1,0,0,2,0,0,0,0,0,0,4,0,3,0,0,0,0,0,1,3.625,0,0,0,0,0,0.25,0
24,16,0,0,2,0,0,2,0,0,0,0,0,0,6,5,3,1,0,0,0,0,1,3.9701755214643453,0,0,0,0,0,0.20833333333333334,0
22,7,7,0,1,0,0,3,0,0,0,0,0,1,4,0,2,0,1,0,0,0,1,4.061482186720775,0,0,0,0,0,0.22727272727272727,1
32,23,1,0,2,0,0,3,0,0,0,0,0,0,3,15,3,1,0,0,0,0,1,4.027518266288633,0,0,0,0,0,0.1875,1
178,15,108,46,3,2,0,7,1,4,0,3,0,20,6,4,3,1,5,4,0,0,1,5.438405461419504,0,0,0,0,0,0.11797752808988764,1
17,9,0,0,1,0,0,2,0,0,0,0,0,0,5,0,3,0,0,0,0,0,1,3.734521664779752,0,0,0,0,0,0.23529411764705882,0
58,16,34,0,2,0,0,4,0,0,0,0,0,1,6,5,3,1,2,0,0,0,1,4.282393443657672,0,0,0,0,0,0.1206896551724138,1
43,34,1,0,2,1,0,3,0,0,0,0,0,7,6,23,3,1,0,0,0,0,1,4.600456033671239,0,0,0,0,0,0.16279069767441862,1
22,7,7,0,1,0,0,3,0,0,0,0,0,0,4,0,2,0,1,0,0,0,1,4.061482186720775,0,0,0,0,0,0.22727272727272727,1
21,6,7,0,1,1,0,3,0,0,0,0,0,0,3,0,2,0,1,0,0,0,1,3.939470994001286,0,0,0,0,0,0.2857142857142857,1
23,15,0,0,2,0,0,2,0,0,0,0,0,0,7,3,3,1,0,0,0,0,1,3.5883543471732335,0,0,0,0,0,0.21739130434782608,0
48,31,9,0,2,0,0,5,0,0,0,0,0,4,15,11,3,1,2,0,0,0,1,4.123734053066622,0,0,0,0,0,0.16666666666666666,1
20,12,0,0,1,0,0,2,0,0,0,0,0,0,8,0,3,0,0,0,0,0,1,3.5841837197791886,0,0,0,0,0,0.2,0
48,16,24,0,2,0,0,5,0,0,0,0,0,0,6,5,3,1,3,0,0,0,1,4.079986855772667,0,0,0,0,0,0.16666666666666666,1
19,11,0,0,1,0,0,2,0,0,0,0,0,0,7,0,3,0,0,0,0,0,1,3.826874881864637,0,0,0,0,0,0.21052631578947367,0
770,15,32,714,6,18,6,5,1,3,0,2,13,111,7,3,3,1,3,3,0,0,1,5.989287775708474,1,0,0,0,0,0.07142857142857142,1
20,12,0,0,2,0,0,2,0,0,0,0,0,0,4,3,3,1,0,0,0,0,1,3.3841837197791884,0,0,0,0,0,0.25,0
175,15,108,43,2,2,2,7,1,3,0,2,0,22,6,4,3,1,5,3,0,0,1,5.648223235298052,0,0,0,0,0,0.12571428571428572,1
20,12,0,0,1,0,0,2,0,0,0,0,0,0,8,0,3,0,0,0,0,0,1,3.721928094887362,0,0,0,0,0,0.2,0
24,16,0,0,2,0,0,2,0,0,0,0,0,0,8,3,3,1,0,0,0,0,1,3.9701755214643453,0,0,0,0,0,0.20833333333333334,0
190,15,108,58,3,3,1,7,1,4,0,3,0,18,6,4,3,1,5,4,0,0,1,5.4375826630027335,0,0,0,0,0,0.1368421052631579,1
133,15,37,72,2,0,1,6,1,10,0,9,0,10,8,2,3,1,4,10,0,0,1,5.033618601599214,0,0,0,0,0,0.22556390977443608,1
124,67,44,4,2,0,1,3,1,1,0,0,0,10,10,52,3,1,1,1,0,0,1,5.258069093009437,0,0,0,0,0,0.07258064516129033,1
27,19,0,0,2,0,0,2,0,0,0,0,0,0,9,5,3,1,0,0,0,0,1,3.85619629821938,0,0,0,0,0,0.18518518518518517,0
47,12,27,0,2,0,0,4,0,0,0,0,0,2,4,4,2,1,2,0,0,0,1,4.605031607356559,0,0,0,0,0,0.14893617021276595,1
40,31,1,0,3,1,0,3,0,0,0,0,0,3,6,20,3,2,0,0,0,0,1,4.408694969562842,1,0,0,0,0,0.2,1
28,20,0,0,2,0,0,2,0,0,0,0,0,0,12,3,3,1,0,0,0,0,1,3.6375375112660517,0,0,0,0,0,0.17857142857142858,0
24,15,1,0,2,0,0,3,0,0,0,0,0,0,3,7,3,1,0,0,0,0,1,3.772055208874201,0,0,0,0,0,0.25,1
20,12,0,0,2,0,0,2,0,0,0,0,0,0,4,3,3,1,0,0,0,0,1,3.6841837197791887,0,0,0,0,0,0.25,0
21,6,7,0,1,1,0,3,0,0,0,0,0,0,3,0,2,0,1,0,0,0,1,3.689703732199547,0,0,0,0,0,0.2857142857142857,1
19,11,0,0,1,0,0,2,0,0,0,0,0,0,7,0,3,0,0,0,0,0,1,3.5766176449086653,0,0,0,0,0,0.21052631578947367,0
190,20,49,113,3,1,0,7,1,1,0,0,0,18,10,5,3,1,4,1,0,0,0,5.545197669809218,0,0,0,0,0,0.07368421052631578,1
38,29,1,0,2,0,0,3,0,0,0,0,0,0,6,18,3,1,0,0,0,0,1,4.093340592892869,0,0,0,0,0,0.15789473684210525,1
167,15,108,35,2,1,0,7,1,3,0,2,0,18,6,4,3,1,5,3,0,0,1,5.579164883149991,0,0,0,0,0,0.10179640718562874,1
23,15,0,0,2,0,0,2,0,0,0,0,0,0,7,3,3,1,0,0,0,0,1,3.882045108136863,0,0,0,0,0,0.21739130434782608,0
51,21,22,0,3,0,0,4,0,0,0,0,0,3,5,11,3,2,2,0,0,0,1,4.4951880867301695,0,0,0,0,0,0.1568627450980392,1
44,35,1,0,2,0,0,3,0,0,0,0,0,0,6,24,3,1,0,0,0,0,1,3.889122892960006,0,0,0,0,0,0.13636363636363635,1
